-- --------------------------------------------------------
-- Host:                         127.0.0.1
-- Server version:               5.7.17-0ubuntu0.16.04.2 - (Ubuntu)
-- Server OS:                    Linux
-- HeidiSQL Version:             9.3.0.5110
-- --------------------------------------------------------

/*!40101 SET @OLD_CHARACTER_SET_CLIENT=@@CHARACTER_SET_CLIENT */;
/*!40101 SET NAMES utf8 */;
/*!50503 SET NAMES utf8mb4 */;
/*!40014 SET @OLD_FOREIGN_KEY_CHECKS=@@FOREIGN_KEY_CHECKS, FOREIGN_KEY_CHECKS=0 */;
/*!40101 SET @OLD_SQL_MODE=@@SQL_MODE, SQL_MODE='NO_AUTO_VALUE_ON_ZERO' */;


-- Dumping database structure for reservation
CREATE DATABASE IF NOT EXISTS `reservation` /*!40100 DEFAULT CHARACTER SET utf8 */;
USE `reservation`;

-- Dumping structure for table reservation.free_seats
CREATE TABLE IF NOT EXISTS `free_seats` (
  `fs_train_id` int(11) NOT NULL,
  `fs_seg_id` int(11) NOT NULL,
  `fs_date` date NOT NULL,
  `fs_freeseat` int(11) NOT NULL,
  PRIMARY KEY (`fs_train_id`,`fs_seg_id`,`fs_date`),
  KEY `fs_seg_id` (`fs_seg_id`),
  CONSTRAINT `free_seats_ibfk_2` FOREIGN KEY (`fs_seg_id`) REFERENCES `segments` (`seg_id`),
  CONSTRAINT `free_seats_ibfk_3` FOREIGN KEY (`fs_train_id`) REFERENCES `trains` (`train_id`)
) ENGINE=InnoDB DEFAULT CHARSET=latin1;

-- Dumping data for table reservation.free_seats: ~105 rows (approximately)
DELETE FROM `free_seats`;
/*!40000 ALTER TABLE `free_seats` DISABLE KEYS */;
INSERT INTO `free_seats` (`fs_train_id`, `fs_seg_id`, `fs_date`, `fs_freeseat`) VALUES
	(1, 1, '2017-04-01', 20),
	(1, 1, '2017-05-01', 10),
	(1, 14, '2017-05-01', 15),
	(1, 15, '2017-05-01', 5),
	(1, 17, '2017-05-08', 5),
	(2, 5, '2017-05-09', 7),
	(2, 7, '2017-05-02', 6),
	(2, 8, '2017-05-30', 0),
	(2, 30, '2017-05-16', 11),
	(2, 30, '2017-05-23', 13),
	(3, 6, '2017-05-31', 10),
	(3, 13, '2017-05-17', 7),
	(3, 19, '2017-05-03', 9),
	(3, 23, '2017-05-10', 20),
	(3, 25, '2017-05-24', 8),
	(4, 13, '2017-05-11', 6),
	(4, 23, '2017-05-04', 1),
	(4, 26, '2017-05-25', 15),
	(4, 29, '2017-05-18', 13),
	(5, 3, '2017-05-05', 20),
	(5, 14, '2017-05-12', 21),
	(5, 18, '2017-05-19', 22),
	(5, 18, '2017-05-26', 22),
	(6, 7, '2017-05-06', 15),
	(6, 16, '2017-05-13', 17),
	(6, 17, '2017-05-20', 18),
	(6, 18, '2017-05-27', 19),
	(7, 20, '2017-05-07', 5),
	(7, 22, '2017-05-14', 7),
	(7, 24, '2017-05-21', 10),
	(7, 26, '2017-05-28', 14),
	(8, 1, '2017-06-01', 1),
	(8, 3, '2017-06-03', 3),
	(8, 28, '2017-06-28', 28),
	(8, 30, '2017-06-30', 30),
	(8, 31, '2017-07-01', 31),
	(9, 9, '2017-06-19', 9),
	(9, 10, '2017-06-20', 10),
	(9, 11, '2017-06-21', 11),
	(9, 12, '2017-06-22', 12),
	(9, 18, '2017-06-28', 18),
	(9, 19, '2017-06-29', 19),
	(9, 20, '2017-06-30', 20),
	(9, 21, '2017-07-01', 21),
	(9, 28, '2017-07-08', 28),
	(9, 29, '2017-07-09', 29),
	(10, 9, '2017-06-29', 9),
	(10, 10, '2017-06-30', 10),
	(10, 11, '2017-07-01', 11),
	(10, 12, '2017-07-02', 12),
	(10, 13, '2017-07-03', 13),
	(10, 21, '2017-07-11', 21),
	(10, 22, '2017-07-12', 22),
	(10, 28, '2017-07-18', 28),
	(10, 29, '2017-07-19', 29),
	(10, 30, '2017-07-20', 30),
	(10, 31, '2017-07-21', 31),
	(11, 1, '2017-07-01', 1),
	(11, 2, '2017-07-02', 2),
	(11, 10, '2017-07-10', 10),
	(11, 11, '2017-07-11', 11),
	(11, 12, '2017-07-12', 12),
	(11, 20, '2017-07-20', 20),
	(11, 21, '2017-07-21', 21),
	(11, 30, '2017-07-30', 30),
	(11, 31, '2017-07-31', 31),
	(12, 1, '2017-07-11', 1),
	(12, 2, '2017-07-12', 2),
	(12, 7, '2017-07-17', 7),
	(12, 8, '2017-07-18', 8),
	(12, 9, '2017-07-19', 9),
	(12, 10, '2017-07-20', 10),
	(12, 11, '2017-07-21', 11),
	(12, 12, '2017-07-22', 12),
	(12, 13, '2017-07-23', 13),
	(12, 15, '2017-07-25', 15),
	(12, 19, '2017-07-29', 19),
	(12, 20, '2017-07-30', 20),
	(12, 22, '2017-08-01', 22),
	(13, 1, '2017-07-21', 1),
	(13, 2, '2017-07-22', 2),
	(13, 3, '2017-07-23', 3),
	(13, 7, '2017-07-27', 7),
	(13, 8, '2017-07-28', 8),
	(13, 9, '2017-07-29', 9),
	(13, 10, '2017-07-30', 10),
	(13, 11, '2017-07-31', 11),
	(13, 15, '2017-08-04', 15),
	(13, 16, '2017-08-05', 16),
	(13, 17, '2017-08-06', 17),
	(13, 18, '2017-08-07', 18),
	(13, 19, '2017-08-08', 19),
	(13, 20, '2017-08-09', 20),
	(13, 21, '2017-08-10', 21),
	(13, 22, '2017-08-11', 22),
	(13, 23, '2017-08-12', 23),
	(13, 28, '2017-08-17', 28),
	(13, 29, '2017-08-18', 29),
	(13, 30, '2017-08-19', 30),
	(13, 31, '2017-08-20', 31),
	(14, 12, '2017-08-11', 12),
	(14, 13, '2017-08-12', 13),
	(14, 14, '2017-08-13', 14),
	(14, 21, '2017-08-20', 21),
	(14, 31, '2017-08-30', 31);
/*!40000 ALTER TABLE `free_seats` ENABLE KEYS */;

-- Dumping structure for table reservation.migrations
CREATE TABLE IF NOT EXISTS `migrations` (
  `id` int(10) unsigned NOT NULL AUTO_INCREMENT,
  `migration` varchar(255) COLLATE utf8mb4_unicode_ci NOT NULL,
  `batch` int(11) NOT NULL,
  PRIMARY KEY (`id`)
) ENGINE=InnoDB DEFAULT CHARSET=utf8mb4 COLLATE=utf8mb4_unicode_ci;

-- Dumping data for table reservation.migrations: ~0 rows (approximately)
DELETE FROM `migrations`;
/*!40000 ALTER TABLE `migrations` DISABLE KEYS */;
/*!40000 ALTER TABLE `migrations` ENABLE KEYS */;

-- Dumping structure for table reservation.passengers
CREATE TABLE IF NOT EXISTS `passengers` (
  `pass_id` int(11) NOT NULL AUTO_INCREMENT,
  `fname` varchar(60) DEFAULT NULL,
  `lname` varchar(60) DEFAULT NULL,
  `billaddr` varchar(60) DEFAULT NULL,
  `pass_email` varchar(60) DEFAULT NULL,
  `Payment` varchar(60) DEFAULT NULL,
  `points` int(11) DEFAULT NULL,
  `updated_at` timestamp NULL DEFAULT NULL,
  `created_at` timestamp NULL DEFAULT NULL,
  PRIMARY KEY (`pass_id`)
) ENGINE=InnoDB AUTO_INCREMENT=169 DEFAULT CHARSET=latin1 ROW_FORMAT=COMPACT;

-- Dumping data for table reservation.passengers: ~168 rows (approximately)
DELETE FROM `passengers`;
/*!40000 ALTER TABLE `passengers` DISABLE KEYS */;
INSERT INTO `passengers` (`pass_id`, `fname`, `lname`, `billaddr`, `pass_email`, `Payment`, `points`, `updated_at`, `created_at`) VALUES
	(1, 'Jin Hui', 'Chen', '7433 Marsh Drive  Forest Hills, NY 11375', 'jchen012@citymail.cuny.edu', 'Cash', 100, NULL, NULL),
	(2, 'Emmanuella', 'Kogda', '65 S. Cypress Rd.  Rosedale, NY 11422', 'dkogda000@citymail.cuny.edu', 'Paypal', 200, NULL, NULL),
	(3, 'Sunny', 'Liang', '353 Fairfield Ave.  Rome, NY 13440', 'sliang003@citymail.cuny.edu', 'Credit card', 300, NULL, NULL),
	(4, 'Carlos', 'Peralta', '173 Rosewood Circle  Rome, NY 13440', 'cperalt06@citymail.cuny.edu', 'Debit card', 400, NULL, NULL),
	(5, 'Mohamed', 'Sondo', '94 Prairie Ave.  Woodside, NY 11377', 'msondo000@citymail.cuny.edu', 'Cash', 500, NULL, NULL),
	(6, 'Ingrid', 'Poda', '23 Aspen St.  Battle Ground, WA 98604', 'kogdaingrid', 'Cash', 500, NULL, NULL),
	(7, 'Gwendolyn', 'Price', '350 Elmwood Court  Westfield, MA 01085', 'rgarcia@optonline.net', 'Cash', 800, NULL, NULL),
	(8, 'Brittany', 'Valdez', '8998 Sheffield Dr.  Randolph, MA 02368', 'webdragon@comcast.net', 'Cash', 0, NULL, NULL),
	(9, 'Ingrid ', 'Poda', '5 Crescent Ave.  Rockaway, NJ 07866', 'mthurn@live.com', 'Cash', 400, NULL, NULL),
	(10, 'Long', 'Trevor', '8473 Sheffield Lane  Caldwell, NJ 07006', 'crandall@sbcglobal.net', 'Cash', 20, NULL, NULL),
	(11, 'Dean', 'Marcos', '42 Vernon Court  Glastonbury, CT 06033', 'fangorn@hotmail.com', 'Credit card', 45, NULL, NULL),
	(12, 'Hughes', 'Sheldon', '42 Vernon Court  Glastonbury, CT 06033', 'mxiao@yahoo.com', 'Credit Card', 250, NULL, NULL),
	(13, 'Schwartz', 'Carl', '351 Temple St.  Crofton, MD 21114', 'jguyer@aol.com', 'Debit Card', 900, NULL, NULL),
	(14, 'Mcguire', 'Nora', '927 S. Highland Street  Woonsocket, RI 02895', 'jguyer@aol.com', 'Debit Card', 60, NULL, NULL),
	(15, 'Dunn', 'Jamie', '8788 North Van Dyke Circle  Yakima, WA 98908', 'drezet@me.com', 'Debit Card', 300, NULL, NULL),
	(16, 'Kubecoure J.', 'Emmanuella', '171 East 122nd Street', 'kogdaemmanuella@gmail.com', 'Cash', NULL, '2017-05-08 06:27:24', '2017-05-08 06:27:24'),
	(17, 'Emmanuella', 'Kogda', '888 main st', 'kogdaingrid@gmail.com', 'Cash', 0, '0000-00-00 00:00:00', NULL),
	(18, 'Emmanuella', 'Kogda', '171 east 122nd street lexington #2F', 'kogdaemmanuella@gmail.com', 'Cash', 0, NULL, NULL),
	(19, 'ingrid', 'Kogda', '171 East 122nd Street, New York, NY 10035, 2F', NULL, NULL, 0, NULL, NULL),
	(20, 'carlos', 'peralta', '1234 something', 'carlos@gmail.com', 'Debit', 0, NULL, NULL),
	(21, NULL, NULL, NULL, NULL, NULL, 0, NULL, NULL),
	(22, NULL, NULL, NULL, NULL, NULL, 0, NULL, NULL),
	(23, NULL, NULL, NULL, NULL, NULL, 0, NULL, NULL),
	(24, NULL, NULL, NULL, NULL, NULL, 0, NULL, NULL),
	(25, NULL, NULL, NULL, NULL, NULL, 0, NULL, NULL),
	(26, NULL, NULL, NULL, NULL, NULL, 0, NULL, NULL),
	(27, NULL, NULL, NULL, NULL, NULL, 0, NULL, NULL),
	(28, NULL, NULL, NULL, NULL, NULL, 0, NULL, NULL),
	(29, NULL, NULL, NULL, NULL, NULL, 0, NULL, NULL),
	(30, NULL, NULL, NULL, NULL, NULL, 0, NULL, NULL),
	(31, NULL, NULL, NULL, NULL, NULL, 0, NULL, NULL),
	(32, NULL, NULL, NULL, NULL, NULL, 0, NULL, NULL),
	(33, NULL, NULL, NULL, NULL, NULL, 0, NULL, NULL),
	(34, NULL, NULL, NULL, NULL, NULL, 0, NULL, NULL),
	(35, NULL, NULL, NULL, NULL, NULL, 0, NULL, NULL),
	(36, NULL, NULL, NULL, NULL, NULL, 0, NULL, NULL),
	(37, NULL, NULL, NULL, NULL, NULL, 0, NULL, NULL),
	(38, NULL, NULL, NULL, NULL, NULL, 0, NULL, NULL),
	(39, NULL, NULL, NULL, NULL, NULL, 0, NULL, NULL),
	(40, 'Carlos', 'carlos', '1134', 'carlos@gmail.com', 'Debit', 0, NULL, NULL),
	(41, 'mohamed', 'sondo', '134 some street', 'msondo@gmail.com', 'Debit', 0, NULL, NULL),
	(42, 'emma', 'k', '134', 'EMMA@GMAIL.COM', 'Debit', 0, NULL, NULL),
	(43, 'Carlos', 'M', 'blah street', 'cblah@gmail.com', 'Credit', 0, NULL, NULL),
	(44, 'mohamed', 'sondo', '0934 adflkj', 'adf@gmail.com', 'Credit', 0, NULL, NULL),
	(45, 'a', 'b', '12340 ad', 'blah@gmail.com', 'Debit', 0, NULL, NULL),
	(46, 'me', 'too', 'wowszer 134', 'wo@gmail.com', 'Debit', 0, NULL, NULL),
	(47, 'a', 'n', '13 adfl', 'kl@gmail.com', 'Debit', 0, NULL, NULL),
	(48, 'c', 'c', 'q345', 'ala@gmail.com', 'Debit', 0, NULL, NULL),
	(49, 'q', 'k', 'lkadf', 'a@gmail.com', 'Debit', 0, NULL, NULL),
	(50, 'q', 'k', 'lkadf', 'a@gmail.com', 'Debit', 0, NULL, NULL),
	(51, 'q', 'k', 'lkadf', 'a@gmail.com', 'Debit', 0, NULL, NULL),
	(52, 'a', 's', '234', 'd@gmail.com', 'Debit', 0, NULL, NULL),
	(53, 'a', 's', '234', 'd@gmail.com', 'Debit', 0, NULL, NULL),
	(54, 'a', 'l', '13 adflk', 'bl@gmail.com', 'Debit', 0, NULL, NULL),
	(55, 'a', 'l', '13 adflk', 'bl@gmail.com', 'Debit', 0, NULL, NULL),
	(56, 'a', 'l', '13 adflk', 'bl@gmail.com', 'Debit', 0, NULL, NULL),
	(57, 'a', 'l', '13 adflk', 'bl@gmail.com', 'Debit', 0, NULL, NULL),
	(58, 'a', 'l', '13 adflk', 'bl@gmail.com', 'Debit', 0, NULL, NULL),
	(59, 'a', 'l', '13 adflk', 'bl@gmail.com', 'Debit', 0, NULL, NULL),
	(60, 'm', 's', '34 sed', 'mh@gmail.com', 'Debit', 0, NULL, NULL),
	(61, 'm', 's', '34 sed', 'mh@gmail.com', 'Debit', 0, NULL, NULL),
	(62, 'q', 'l', '13 lkl', '2kl@gmail.com', 'Debit', 0, NULL, NULL),
	(63, 'q', 'l', '13 lkl', '2kl@gmail.com', 'Debit', 0, NULL, NULL),
	(64, 'q', 'l', '13 lkl', '2kl@gmail.com', 'Debit', 0, NULL, NULL),
	(65, 'q', 'l', '13 lkl', '2kl@gmail.com', 'Debit', 0, NULL, NULL),
	(66, 'q', 'l', '13 lkl', '2kl@gmail.com', 'Debit', 0, NULL, NULL),
	(67, 'q', 'l', '13 lkl', '2kl@gmail.com', 'Debit', 0, NULL, NULL),
	(68, 'q', 'l', '13 lkl', '2kl@gmail.com', 'Debit', 0, NULL, NULL),
	(69, 'q', 'l', '13 lkl', '2kl@gmail.com', 'Debit', 0, NULL, NULL),
	(70, 'q', 'l', '13 lkl', '2kl@gmail.com', 'Debit', 0, NULL, NULL),
	(71, 'q', 'l', '13 lkl', '2kl@gmail.com', 'Debit', 0, NULL, NULL),
	(72, 'q', 'l', '13 lkl', '2kl@gmail.com', 'Debit', 0, NULL, NULL),
	(73, 'q', 'l', '13 lkl', '2kl@gmail.com', 'Debit', 0, NULL, NULL),
	(74, 'q', 'l', '13 lkl', '2kl@gmail.com', 'Debit', 0, NULL, NULL),
	(75, 'q', 'l', '13 lkl', '2kl@gmail.com', 'Debit', 0, NULL, NULL),
	(76, 'q', 'l', '13 lkl', '2kl@gmail.com', 'Debit', 0, NULL, NULL),
	(77, 'q', 'l', '13 lkl', '2kl@gmail.com', 'Debit', 0, NULL, NULL),
	(78, 'q', 'l', '13 lkl', '2kl@gmail.com', 'Debit', 0, NULL, NULL),
	(79, 'q', 'l', '13 lkl', '2kl@gmail.com', 'Debit', 0, NULL, NULL),
	(80, 'q', 'l', '13 lkl', '2kl@gmail.com', 'Debit', 0, NULL, NULL),
	(81, 'q', 'l', '13 lkl', '2kl@gmail.com', 'Debit', 0, NULL, NULL),
	(82, 'q', 'l', '13 lkl', '2kl@gmail.com', 'Debit', 0, NULL, NULL),
	(83, 'q', 'l', '13 lkl', '2kl@gmail.com', 'Debit', 0, NULL, NULL),
	(84, 'q', 'l', '13 lkl', '2kl@gmail.com', 'Debit', 0, NULL, NULL),
	(85, 'q', 'l', '13 lkl', '2kl@gmail.com', 'Debit', 0, NULL, NULL),
	(86, 'q', 'l', '13 lkl', '2kl@gmail.com', 'Debit', 0, NULL, NULL),
	(87, 'Mohamed', 'S', '90 adfa', 'a@gmail.com', 'Debit', 0, NULL, NULL),
	(88, 'Mohamed', 'S', '90 adfa', 'a@gmail.com', 'Debit', 0, NULL, NULL),
	(89, 'Mohamed', 'S', '90 adfa', 'a@gmail.com', 'Debit', 0, NULL, NULL),
	(90, 'Mohamed', 'S', '90 adfa', 'a@gmail.com', 'Debit', 0, NULL, NULL),
	(91, 'Mohamed', 'S', '90 adfa', 'a@gmail.com', 'Debit', 0, NULL, NULL),
	(92, 'Mohamed', 'S', '90 adfa', 'a@gmail.com', 'Debit', 0, NULL, NULL),
	(93, 'Mohamed', 'S', '90 adfa', 'a@gmail.com', 'Debit', 0, NULL, NULL),
	(94, 'Mohamed', 'S', '90 adfa', 'a@gmail.com', 'Debit', 0, NULL, NULL),
	(95, 'Mohamed', 'S', '90 adfa', 'a@gmail.com', 'Debit', 0, NULL, NULL),
	(96, 'Mohamed', 'S', '90 adfa', 'a@gmail.com', 'Debit', 0, NULL, NULL),
	(97, 'Mohamed', 'S', '90 adfa', 'a@gmail.com', 'Debit', 0, NULL, NULL),
	(98, 'Mohamed', 'S', '90 adfa', 'a@gmail.com', 'Debit', 0, NULL, NULL),
	(99, 'Mohamed', 'S', '90 adfa', 'a@gmail.com', 'Debit', 0, NULL, NULL),
	(100, 'Mohamed', 'S', '90 adfa', 'a@gmail.com', 'Debit', 0, NULL, NULL),
	(101, 'Mohamed', 'S', '90 adfa', 'a@gmail.com', 'Debit', 0, NULL, NULL),
	(102, 'Mohamed', 'S', '90 adfa', 'a@gmail.com', 'Debit', 0, NULL, NULL),
	(103, 'Mohamed', 'S', '90 adfa', 'a@gmail.com', 'Debit', 0, NULL, NULL),
	(104, 'Mohamed', 'S', '90 adfa', 'a@gmail.com', 'Debit', 0, NULL, NULL),
	(105, 'Mohamed', 'S', '90 adfa', 'a@gmail.com', 'Debit', 0, NULL, NULL),
	(106, 'Mohamed', 'S', '90 adfa', 'a@gmail.com', 'Debit', 0, NULL, NULL),
	(107, 'Mohamed', 'S', '90 adfa', 'a@gmail.com', 'Debit', 0, NULL, NULL),
	(108, 'Mohamed', 'S', '90 adfa', 'a@gmail.com', 'Debit', 0, NULL, NULL),
	(109, 'Mohamed', 'S', '90 adfa', 'a@gmail.com', 'Debit', 0, NULL, NULL),
	(110, 'Mohamed', 'S', '90 adfa', 'a@gmail.com', 'Debit', 0, NULL, NULL),
	(111, 'Mohamed', 'S', '90 adfa', 'a@gmail.com', 'Debit', 0, NULL, NULL),
	(112, 'Mohamed', 'S', '90 adfa', 'a@gmail.com', 'Debit', 0, NULL, NULL),
	(113, 'Mohamed', 'S', '90 adfa', 'a@gmail.com', 'Debit', 0, NULL, NULL),
	(114, 'Mohamed', 'S', '90 adfa', 'a@gmail.com', 'Debit', 0, NULL, NULL),
	(115, 'Mohamed', 'S', '90 adfa', 'a@gmail.com', 'Debit', 0, NULL, NULL),
	(116, 'Mohamed', 'S', '90 adfa', 'a@gmail.com', 'Debit', 0, NULL, NULL),
	(117, 'Mohamed', 'S', '90 adfa', 'a@gmail.com', 'Debit', 0, NULL, NULL),
	(118, 'Mohamed', 'S', '90 adfa', 'a@gmail.com', 'Debit', 0, NULL, NULL),
	(119, 'Mohamed', 'S', '90 adfa', 'a@gmail.com', 'Debit', 0, NULL, NULL),
	(120, 'Mohamed', 'S', '90 adfa', 'a@gmail.com', 'Debit', 0, NULL, NULL),
	(121, 'Mohamed', 'S', '90 adfa', 'a@gmail.com', 'Debit', 0, NULL, NULL),
	(122, 'Mohamed', 'S', '90 adfa', 'a@gmail.com', 'Debit', 0, NULL, NULL),
	(123, 'Carlos', 'Yes!', '90 Success sTree', 'c@gmail.com', 'Debit', 0, NULL, NULL),
	(124, 'Carlos', 'Yes!', '90 Success sTree', 'c@gmail.com', 'Debit', 0, NULL, NULL),
	(125, 'Emma', 'Noblesse', '14 I want to be noble', 'emma1234@gmail.com', 'Debit', 0, NULL, NULL),
	(126, 'Emma', 'Noblesse', '14 I want to be noble', 'emma1234@gmail.com', 'Debit', 0, NULL, NULL),
	(127, 'Emma', 'Noblesse', '14 I want to be noble', 'emma1234@gmail.com', 'Debit', 0, NULL, NULL),
	(128, 'Emma', 'Noblesse', '14 I want to be noble', 'emma1234@gmail.com', 'Debit', 0, NULL, NULL),
	(129, 'Emma', 'Noblesse', '14 I want to be noble', 'emma1234@gmail.com', 'Debit', 0, NULL, NULL),
	(130, 'Emma', 'Noblesse', '14 I want to be noble', 'emma1234@gmail.com', 'Debit', 0, NULL, NULL),
	(131, 'Emma', 'Noblesse', '14 I want to be noble', 'emma1234@gmail.com', 'Debit', 0, NULL, NULL),
	(132, 'Emma', 'Noblesse', '14 I want to be noble', 'emma1234@gmail.com', 'Debit', 0, NULL, NULL),
	(133, 'Emma', 'Noblesse', '14 I want to be noble', 'emma1234@gmail.com', 'Debit', 0, NULL, NULL),
	(134, 'Emma', 'Noblesse', '14 I want to be noble', 'emma1234@gmail.com', 'Debit', 0, NULL, NULL),
	(135, 'Emma', 'Noblesse', '14 I want to be noble', 'emma1234@gmail.com', 'Debit', 0, NULL, NULL),
	(136, 'Emma', 'Noblesse', '14 I want to be noble', 'emma1234@gmail.com', 'Debit', 0, NULL, NULL),
	(137, 'Emma', 'Noblesse', '14 I want to be noble', 'emma1234@gmail.com', 'Debit', 0, NULL, NULL),
	(138, 'Mohamed', 'Sondo', '9000 It Works!', '3@gmail.com', 'PayPal', 0, NULL, NULL),
	(139, 'Mohamed', 'Sondo', '9000 It Works!', '3@gmail.com', 'PayPal', 0, NULL, NULL),
	(140, 'Mohamed', 'Sondo', '9000 It Works!', '3@gmail.com', 'PayPal', 0, NULL, NULL),
	(141, 'Mohamed', 'Sondo', '9000 It Works!', '3@gmail.com', 'PayPal', 0, NULL, NULL),
	(142, 'Mohamed', 'Sondo', '9000 It Works!', '3@gmail.com', 'PayPal', 0, NULL, NULL),
	(143, 'Mohamed', 'Sondo', '9000 It Works!', '3@gmail.com', 'PayPal', 0, NULL, NULL),
	(144, 'Mohamed', 'Sondo', '9000 It Works!', '3@gmail.com', 'PayPal', 0, NULL, NULL),
	(145, 'Mohamed', 'Sondo', '9000 It Works!', '3@gmail.com', 'PayPal', 0, NULL, NULL),
	(146, 'Mohamed', 'Sondo', '9000 It Works!', '3@gmail.com', 'PayPal', 0, NULL, NULL),
	(147, 'Mohamed', 'Sondo', '9000 It Works!', '3@gmail.com', 'PayPal', 0, NULL, NULL),
	(148, 'Mohamed', 'Sondo', '9000 It Works!', '3@gmail.com', 'PayPal', 0, NULL, NULL),
	(149, 'Blah', 'Pha', '34 adfkj', '3d@gmail.com', 'PayPal', 0, NULL, NULL),
	(150, 'Blah', 'Pha', '34 adfkj', '3d@gmail.com', 'PayPal', 0, NULL, NULL),
	(151, 'Blah', 'Pha', '34 adfkj', '3d@gmail.com', 'PayPal', 0, NULL, NULL),
	(152, 'Blah', 'Pha', '34 adfkj', '3d@gmail.com', 'PayPal', 0, NULL, NULL),
	(153, 'Blah', 'Pha', '34 adfkj', '3d@gmail.com', 'PayPal', 0, NULL, NULL),
	(154, 'Blah', 'Pha', '34 adfkj', '3d@gmail.com', 'PayPal', 0, NULL, NULL),
	(155, 'Blah', 'Pha', '34 adfkj', '3d@gmail.com', 'PayPal', 0, NULL, NULL),
	(156, 'I don\'t', 'KNow', 'Can I go home?', 'imtired@gmail.com', 'PayPal', 0, NULL, NULL),
	(157, 'I don\'t', 'KNow', 'Can I go home?', 'imtired@gmail.com', 'PayPal', 0, NULL, NULL),
	(158, 'I don\'t', 'KNow', 'Can I go home?', 'imtired@gmail.com', 'PayPal', 0, NULL, NULL),
	(159, 'I don\'t', 'KNow', 'Can I go home?', 'imtired@gmail.com', 'PayPal', 0, NULL, NULL),
	(160, 'I don\'t', 'KNow', 'Can I go home?', 'imtired@gmail.com', 'PayPal', 0, NULL, NULL),
	(161, 'I don\'t', 'KNow', 'Can I go home?', 'imtired@gmail.com', 'PayPal', 0, NULL, NULL),
	(162, 'I don\'t', 'KNow', 'Can I go home?', 'imtired@gmail.com', 'PayPal', 0, NULL, NULL),
	(163, 'Emma', 'Noblesse', '14 I want to be noble', 'emma1234@gmail.com', 'Debit', 0, NULL, NULL),
	(164, 'Emma', 'Noblesse', '14 I want to be noble', 'emma1234@gmail.com', 'Debit', 0, NULL, NULL),
	(165, 'great', 'sleep', 'I miss you alot', 'ohhhsleep@gmail.com', 'Credit', 0, NULL, NULL),
	(166, 'great', 'sleep', 'I miss you alot', 'ohhhsleep@gmail.com', 'Credit', 0, NULL, NULL),
	(167, 'great', 'sleep', 'I miss you alot', 'ohhhsleep@gmail.com', 'Credit', 0, NULL, NULL),
	(168, 'great', 'sleep', 'I miss you alot', 'ohhhsleep@gmail.com', 'Credit', 0, NULL, NULL);
/*!40000 ALTER TABLE `passengers` ENABLE KEYS */;

-- Dumping structure for table reservation.password_resets
CREATE TABLE IF NOT EXISTS `password_resets` (
  `email` varchar(255) COLLATE utf8mb4_unicode_ci NOT NULL,
  `token` varchar(255) COLLATE utf8mb4_unicode_ci NOT NULL,
  `created_at` timestamp NULL DEFAULT NULL,
  KEY `password_resets_email_index` (`email`)
) ENGINE=InnoDB DEFAULT CHARSET=utf8mb4 COLLATE=utf8mb4_unicode_ci;

-- Dumping data for table reservation.password_resets: ~0 rows (approximately)
DELETE FROM `password_resets`;
/*!40000 ALTER TABLE `password_resets` DISABLE KEYS */;
/*!40000 ALTER TABLE `password_resets` ENABLE KEYS */;

-- Dumping structure for table reservation.segments
CREATE TABLE IF NOT EXISTS `segments` (
  `seg_id` int(11) NOT NULL AUTO_INCREMENT,
  `seg_northend` int(11) NOT NULL,
  `seg_southend` int(11) NOT NULL,
  `seg_fare` decimal(10,0) NOT NULL,
  PRIMARY KEY (`seg_id`),
  KEY `seg_northend` (`seg_northend`),
  KEY `seg_southend` (`seg_southend`),
  CONSTRAINT `segments_ibfk_1` FOREIGN KEY (`seg_northend`) REFERENCES `stations` (`station_id`),
  CONSTRAINT `segments_ibfk_2` FOREIGN KEY (`seg_southend`) REFERENCES `stations` (`station_id`)
) ENGINE=InnoDB AUTO_INCREMENT=32 DEFAULT CHARSET=latin1;

-- Dumping data for table reservation.segments: ~31 rows (approximately)
DELETE FROM `segments`;
/*!40000 ALTER TABLE `segments` DISABLE KEYS */;
INSERT INTO `segments` (`seg_id`, `seg_northend`, `seg_southend`, `seg_fare`) VALUES
	(1, 1, 2, 10),
	(2, 2, 3, 10),
	(3, 3, 4, 10),
	(4, 4, 5, 10),
	(5, 5, 6, 10),
	(6, 6, 7, 10),
	(7, 7, 8, 15),
	(8, 8, 9, 15),
	(9, 9, 10, 15),
	(10, 10, 11, 15),
	(11, 11, 12, 15),
	(12, 12, 13, 16),
	(13, 13, 14, 16),
	(14, 14, 15, 16),
	(15, 15, 16, 16),
	(16, 16, 17, 17),
	(17, 17, 18, 17),
	(18, 18, 19, 17),
	(19, 19, 20, 17),
	(20, 20, 21, 17),
	(21, 21, 22, 17),
	(22, 22, 23, 17),
	(23, 23, 24, 17),
	(24, 24, 25, 17),
	(25, 25, 26, 17),
	(26, 26, 27, 17),
	(27, 27, 28, 17),
	(28, 28, 29, 17),
	(29, 29, 30, 17),
	(30, 30, 31, 17),
	(31, 31, 32, 17);
/*!40000 ALTER TABLE `segments` ENABLE KEYS */;

-- Dumping structure for table reservation.stations
CREATE TABLE IF NOT EXISTS `stations` (
  `station_id` int(11) NOT NULL AUTO_INCREMENT,
  `station_name` varchar(60) NOT NULL,
  `station_symbol` char(4) NOT NULL,
  PRIMARY KEY (`station_id`),
  KEY `station_name` (`station_name`)
) ENGINE=InnoDB AUTO_INCREMENT=33 DEFAULT CHARSET=latin1;

-- Dumping data for table reservation.stations: ~32 rows (approximately)
DELETE FROM `stations`;
/*!40000 ALTER TABLE `stations` DISABLE KEYS */;
INSERT INTO `stations` (`station_id`, `station_name`, `station_symbol`) VALUES
	(1, 'Washington DC - Union Station', 'WAS'),
	(2, 'New Carrollton, MD', 'NCR'),
	(3, 'Baltimore - BWI Marshall Airport, MD', 'BWI'),
	(4, 'Baltimore, MD - Penn Station', 'BAL'),
	(5, 'Aberdeen, MD', 'ABE'),
	(6, 'Wilmington, DE - J.R. Biden, Jr. Station', 'WIL'),
	(7, 'PHILADELPHIA, PA - 30th street station', 'PHL'),
	(8, 'Trenton, NJ', 'TRE'),
	(9, 'Metropark, NJ', 'MET'),
	(10, 'Newark Liberty Intl. Air., NJ', 'EWR'),
	(11, 'Newark, NJ', 'NWK'),
	(12, 'NEW YORK, NY - Penn Station', 'NYP'),
	(13, 'New Rochelle, NY', 'NRO'),
	(14, 'Stamford, CT', 'STM'),
	(15, 'Bridgeport, CT', 'BRP'),
	(16, 'NEW HAVEN, CT', 'NHV'),
	(17, 'Wallingford, CT', 'WFD'),
	(18, 'Meriden, CT', 'MDN'),
	(19, 'Berlin, CT', 'BER'),
	(20, 'Hartford, CT', 'HFD'),
	(21, 'Windsor, CT', 'WND'),
	(22, 'Windsor Locks, CT', 'WNL'),
	(23, 'Springfield, MA', 'SPG'),
	(24, 'Old Saybrook, CT', 'OSB'),
	(25, 'New London, CT', 'NLC'),
	(26, 'Mystic, CT', 'MYS'),
	(27, 'Westerly, RI', 'WLY'),
	(28, 'Kingston, RI', 'KIN'),
	(29, 'Providence, RI', 'PVD'),
	(30, 'Boston - Route 128, MA', 'RTE'),
	(31, 'Boston, MA - Back Bay Station', 'BBY'),
	(32, 'BOSTON, MA - south station', 'BOS');
/*!40000 ALTER TABLE `stations` ENABLE KEYS */;

-- Dumping structure for table reservation.stop_at
CREATE TABLE IF NOT EXISTS `stop_at` (
  `train_id` int(11) NOT NULL,
  `station_id` int(11) NOT NULL,
  `time_in` time NOT NULL,
  `time_out` time NOT NULL,
  `timeofday` char(1) NOT NULL,
  KEY `station_id` (`station_id`),
  KEY `train_id` (`train_id`),
  CONSTRAINT `stop_at_ibfk_1` FOREIGN KEY (`train_id`) REFERENCES `trains` (`train_id`) ON DELETE CASCADE ON UPDATE CASCADE,
  CONSTRAINT `stop_at_ibfk_2` FOREIGN KEY (`station_id`) REFERENCES `stations` (`station_id`) ON DELETE CASCADE ON UPDATE CASCADE
) ENGINE=InnoDB DEFAULT CHARSET=utf8 ROW_FORMAT=COMPACT;

-- Dumping data for table reservation.stop_at: ~480 rows (approximately)
DELETE FROM `stop_at`;
/*!40000 ALTER TABLE `stop_at` DISABLE KEYS */;
INSERT INTO `stop_at` (`train_id`, `station_id`, `time_in`, `time_out`, `timeofday`) VALUES
	(0, 1, '01:00:00', '01:15:00', 'M'),
	(0, 2, '01:30:00', '01:45:00', 'M'),
	(0, 3, '02:00:00', '02:15:00', 'M'),
	(0, 4, '02:30:00', '02:45:00', 'M'),
	(0, 5, '03:00:00', '03:15:00', 'M'),
	(0, 6, '03:30:00', '03:45:00', 'M'),
	(0, 7, '04:00:00', '04:15:00', 'M'),
	(0, 8, '04:30:00', '04:45:00', 'M'),
	(0, 9, '05:00:00', '05:15:00', 'M'),
	(0, 10, '05:30:00', '05:45:00', 'M'),
	(0, 11, '06:00:00', '06:15:00', 'M'),
	(0, 12, '06:30:00', '06:45:00', 'M'),
	(0, 13, '07:00:00', '07:15:00', 'M'),
	(0, 14, '07:30:00', '07:45:00', 'M'),
	(0, 15, '08:00:00', '08:15:00', 'M'),
	(0, 16, '08:30:00', '08:45:00', 'M'),
	(0, 17, '09:00:00', '09:15:00', 'M'),
	(0, 18, '09:30:00', '09:45:00', 'M'),
	(0, 19, '10:00:00', '10:15:00', 'M'),
	(0, 20, '10:30:00', '10:45:00', 'M'),
	(0, 21, '11:00:00', '11:15:00', 'M'),
	(0, 22, '11:30:00', '11:45:00', 'M'),
	(0, 23, '12:00:00', '12:15:00', ''),
	(0, 24, '12:30:00', '12:45:00', ''),
	(0, 25, '13:00:00', '13:15:00', ''),
	(0, 26, '13:30:00', '13:45:00', ''),
	(0, 27, '14:00:00', '14:15:00', ''),
	(0, 28, '14:30:00', '14:45:00', ''),
	(0, 29, '15:00:00', '15:15:00', ''),
	(0, 30, '15:30:00', '15:45:00', ''),
	(0, 31, '16:00:00', '16:15:00', ''),
	(0, 32, '16:30:00', '16:45:00', ''),
	(1, 1, '02:00:00', '02:15:00', 'M'),
	(1, 2, '02:30:00', '02:45:00', 'M'),
	(1, 3, '03:00:00', '03:15:00', 'M'),
	(1, 4, '03:30:00', '03:45:00', 'M'),
	(1, 5, '04:00:00', '04:15:00', 'M'),
	(1, 6, '04:30:00', '04:45:00', 'M'),
	(1, 7, '05:00:00', '05:15:00', 'M'),
	(1, 8, '05:30:00', '05:45:00', 'M'),
	(1, 9, '06:00:00', '06:15:00', 'M'),
	(1, 10, '06:30:00', '06:45:00', 'M'),
	(1, 11, '07:00:00', '07:15:00', 'M'),
	(1, 12, '07:30:00', '07:45:00', 'M'),
	(1, 13, '08:00:00', '08:15:00', 'M'),
	(1, 14, '08:30:00', '08:45:00', 'M'),
	(1, 15, '09:00:00', '09:15:00', 'M'),
	(1, 16, '09:30:00', '09:45:00', 'M'),
	(1, 17, '10:00:00', '10:15:00', 'M'),
	(1, 18, '10:30:00', '10:45:00', 'M'),
	(1, 19, '11:00:00', '11:15:00', 'M'),
	(1, 20, '11:30:00', '11:45:00', 'M'),
	(1, 21, '12:00:00', '12:15:00', ''),
	(1, 22, '12:30:00', '12:45:00', ''),
	(1, 23, '13:00:00', '13:15:00', ''),
	(1, 24, '13:30:00', '13:45:00', ''),
	(1, 25, '14:00:00', '14:15:00', ''),
	(1, 26, '14:30:00', '14:45:00', ''),
	(1, 27, '15:00:00', '15:15:00', ''),
	(1, 28, '15:30:00', '15:45:00', ''),
	(1, 29, '16:00:00', '16:15:00', ''),
	(1, 30, '16:30:00', '16:45:00', ''),
	(1, 31, '17:00:00', '17:15:00', ''),
	(1, 32, '17:30:00', '17:45:00', ''),
	(2, 1, '03:00:00', '03:15:00', 'M'),
	(2, 2, '03:30:00', '03:45:00', 'M'),
	(2, 3, '04:00:00', '04:15:00', 'M'),
	(2, 4, '04:30:00', '04:45:00', 'M'),
	(2, 5, '05:00:00', '05:15:00', 'M'),
	(2, 6, '05:30:00', '05:45:00', 'M'),
	(2, 7, '06:00:00', '06:15:00', 'M'),
	(2, 8, '06:30:00', '06:45:00', 'M'),
	(2, 9, '07:00:00', '07:15:00', 'M'),
	(2, 10, '07:30:00', '07:45:00', 'M'),
	(2, 11, '08:00:00', '08:15:00', 'M'),
	(2, 12, '08:30:00', '08:45:00', 'M'),
	(2, 13, '09:00:00', '09:15:00', 'M'),
	(2, 14, '09:30:00', '09:45:00', 'M'),
	(2, 15, '10:00:00', '10:15:00', 'M'),
	(2, 16, '10:30:00', '10:45:00', 'M'),
	(2, 17, '11:00:00', '11:15:00', 'M'),
	(2, 18, '11:30:00', '11:45:00', ''),
	(2, 19, '12:00:00', '12:15:00', ''),
	(2, 20, '12:30:00', '12:45:00', ''),
	(2, 21, '13:00:00', '13:15:00', ''),
	(2, 22, '13:30:00', '13:45:00', ''),
	(2, 23, '14:00:00', '14:15:00', ''),
	(2, 24, '14:30:00', '14:45:00', ''),
	(2, 25, '15:00:00', '15:15:00', ''),
	(2, 26, '15:30:00', '15:45:00', ''),
	(2, 27, '16:00:00', '16:15:00', ''),
	(2, 28, '16:30:00', '16:45:00', ''),
	(2, 29, '17:00:00', '17:15:00', ''),
	(2, 30, '17:30:00', '17:45:00', ''),
	(2, 31, '18:00:00', '18:15:00', ''),
	(2, 32, '18:30:00', '18:45:00', ''),
	(3, 1, '04:00:00', '04:15:00', ''),
	(3, 2, '04:30:00', '04:45:00', ''),
	(3, 3, '05:00:00', '05:15:00', ''),
	(3, 4, '05:30:00', '05:45:00', ''),
	(3, 5, '06:00:00', '06:15:00', ''),
	(3, 6, '06:30:00', '06:45:00', ''),
	(3, 7, '07:00:00', '07:15:00', ''),
	(3, 8, '07:30:00', '07:45:00', ''),
	(3, 9, '08:00:00', '08:15:00', ''),
	(3, 10, '08:30:00', '08:45:00', ''),
	(3, 11, '09:00:00', '09:15:00', ''),
	(3, 12, '09:30:00', '09:45:00', ''),
	(3, 13, '10:00:00', '10:15:00', ''),
	(3, 14, '10:30:00', '10:45:00', ''),
	(3, 15, '11:00:00', '11:15:00', ''),
	(3, 16, '11:30:00', '11:45:00', ''),
	(3, 17, '12:00:00', '12:15:00', 'A'),
	(3, 18, '12:30:00', '12:45:00', 'A'),
	(3, 19, '13:00:00', '13:15:00', 'A'),
	(3, 20, '13:30:00', '13:45:00', 'A'),
	(3, 21, '14:00:00', '14:15:00', 'A'),
	(3, 22, '14:30:00', '14:45:00', 'A'),
	(3, 23, '15:00:00', '15:15:00', 'A'),
	(3, 24, '15:30:00', '15:45:00', 'A'),
	(3, 25, '16:00:00', '16:15:00', 'A'),
	(3, 26, '16:30:00', '16:45:00', 'A'),
	(3, 27, '17:00:00', '17:15:00', ''),
	(3, 28, '17:30:00', '17:45:00', ''),
	(3, 29, '18:00:00', '18:15:00', ''),
	(3, 30, '18:30:00', '18:45:00', ''),
	(3, 31, '19:00:00', '19:15:00', ''),
	(3, 32, '19:30:00', '19:45:00', ''),
	(4, 1, '05:00:00', '05:15:00', ''),
	(4, 2, '05:30:00', '05:45:00', ''),
	(4, 3, '06:00:00', '06:15:00', ''),
	(4, 4, '06:30:00', '06:45:00', ''),
	(4, 5, '07:00:00', '07:15:00', ''),
	(4, 6, '07:30:00', '07:45:00', ''),
	(4, 7, '08:00:00', '08:15:00', ''),
	(4, 8, '08:30:00', '08:45:00', ''),
	(4, 9, '09:00:00', '09:15:00', ''),
	(4, 10, '09:30:00', '09:45:00', ''),
	(4, 11, '10:00:00', '10:15:00', ''),
	(4, 12, '10:30:00', '10:45:00', ''),
	(4, 13, '11:00:00', '11:15:00', ''),
	(4, 14, '11:30:00', '11:45:00', ''),
	(4, 15, '12:00:00', '12:15:00', 'A'),
	(4, 16, '12:30:00', '12:45:00', 'A'),
	(4, 17, '13:00:00', '13:15:00', 'A'),
	(4, 18, '13:30:00', '13:45:00', 'A'),
	(4, 19, '14:00:00', '14:15:00', 'A'),
	(4, 20, '14:30:00', '14:45:00', 'A'),
	(4, 21, '15:00:00', '15:15:00', 'A'),
	(4, 22, '15:30:00', '15:45:00', 'A'),
	(4, 23, '16:00:00', '16:15:00', 'A'),
	(4, 24, '16:30:00', '16:45:00', 'A'),
	(4, 25, '17:00:00', '17:15:00', ''),
	(4, 26, '17:30:00', '17:45:00', ''),
	(4, 27, '18:00:00', '18:15:00', ''),
	(4, 28, '18:30:00', '18:45:00', ''),
	(4, 29, '19:00:00', '19:15:00', ''),
	(4, 30, '19:30:00', '19:45:00', ''),
	(4, 31, '20:00:00', '20:15:00', ''),
	(4, 32, '20:30:00', '20:45:00', ''),
	(5, 1, '06:00:00', '06:15:00', ''),
	(5, 2, '06:30:00', '06:45:00', ''),
	(5, 3, '07:00:00', '07:15:00', ''),
	(5, 4, '07:30:00', '07:45:00', ''),
	(5, 5, '08:00:00', '08:15:00', ''),
	(5, 6, '08:30:00', '08:45:00', ''),
	(5, 7, '09:00:00', '09:15:00', ''),
	(5, 8, '09:30:00', '09:45:00', ''),
	(5, 9, '10:00:00', '10:15:00', ''),
	(5, 10, '10:30:00', '10:45:00', ''),
	(5, 11, '11:00:00', '11:15:00', ''),
	(5, 12, '11:30:00', '11:45:00', ''),
	(5, 13, '12:00:00', '12:15:00', 'A'),
	(5, 14, '12:30:00', '12:45:00', 'A'),
	(5, 15, '13:00:00', '13:15:00', 'A'),
	(5, 16, '13:30:00', '13:45:00', 'A'),
	(5, 17, '14:00:00', '14:15:00', 'A'),
	(5, 18, '14:30:00', '14:45:00', 'A'),
	(5, 19, '15:00:00', '15:15:00', 'A'),
	(5, 20, '15:30:00', '15:45:00', 'A'),
	(5, 21, '16:00:00', '16:15:00', 'A'),
	(5, 22, '16:30:00', '16:45:00', 'A'),
	(5, 23, '17:00:00', '17:15:00', ''),
	(5, 24, '17:30:00', '17:45:00', ''),
	(5, 25, '18:00:00', '18:15:00', ''),
	(5, 26, '18:30:00', '18:45:00', ''),
	(5, 27, '19:00:00', '19:15:00', ''),
	(5, 28, '19:30:00', '19:45:00', ''),
	(5, 29, '20:00:00', '20:15:00', ''),
	(5, 30, '20:30:00', '20:45:00', ''),
	(5, 31, '21:00:00', '21:15:00', ''),
	(5, 32, '21:30:00', '21:45:00', ''),
	(6, 1, '07:00:00', '07:15:00', ''),
	(6, 2, '07:30:00', '07:45:00', ''),
	(6, 3, '08:00:00', '08:15:00', ''),
	(6, 4, '08:30:00', '08:45:00', ''),
	(6, 5, '09:00:00', '09:15:00', ''),
	(6, 6, '09:30:00', '09:45:00', ''),
	(6, 7, '10:00:00', '10:15:00', ''),
	(6, 8, '10:30:00', '10:45:00', ''),
	(6, 9, '11:00:00', '11:15:00', ''),
	(6, 10, '11:30:00', '11:45:00', ''),
	(6, 11, '12:00:00', '12:15:00', ''),
	(6, 12, '12:30:00', '12:45:00', ''),
	(6, 13, '13:00:00', '13:15:00', ''),
	(6, 14, '13:30:00', '13:45:00', ''),
	(6, 15, '14:00:00', '14:15:00', ''),
	(6, 16, '14:30:00', '14:45:00', ''),
	(6, 17, '15:00:00', '15:15:00', ''),
	(6, 18, '15:30:00', '15:45:00', ''),
	(6, 19, '16:00:00', '16:15:00', ''),
	(6, 20, '16:30:00', '16:45:00', ''),
	(6, 21, '17:00:00', '17:15:00', 'E'),
	(6, 22, '17:30:00', '17:45:00', 'E'),
	(6, 23, '18:00:00', '18:15:00', 'E'),
	(6, 24, '18:30:00', '18:45:00', 'E'),
	(6, 25, '19:00:00', '19:15:00', 'E'),
	(6, 26, '19:30:00', '19:45:00', 'E'),
	(6, 27, '20:00:00', '20:15:00', 'E'),
	(6, 28, '20:30:00', '20:45:00', 'E'),
	(6, 29, '21:00:00', '21:15:00', 'E'),
	(6, 30, '21:30:00', '21:45:00', 'E'),
	(6, 31, '22:00:00', '22:15:00', 'E'),
	(6, 32, '22:30:00', '22:45:00', 'E'),
	(7, 1, '08:00:00', '08:15:00', ''),
	(7, 2, '08:30:00', '08:45:00', ''),
	(7, 3, '09:00:00', '09:15:00', ''),
	(7, 4, '09:30:00', '09:45:00', ''),
	(7, 5, '10:00:00', '10:15:00', ''),
	(7, 6, '10:30:00', '10:45:00', ''),
	(7, 7, '11:00:00', '11:15:00', ''),
	(7, 8, '11:30:00', '11:45:00', ''),
	(7, 9, '12:00:00', '12:15:00', ''),
	(7, 10, '12:30:00', '12:45:00', ''),
	(7, 11, '13:00:00', '13:15:00', ''),
	(7, 12, '13:30:00', '13:45:00', ''),
	(7, 13, '14:00:00', '14:15:00', ''),
	(7, 14, '14:30:00', '14:45:00', ''),
	(7, 15, '15:00:00', '15:15:00', ''),
	(7, 16, '15:30:00', '15:45:00', ''),
	(7, 17, '16:00:00', '16:15:00', ''),
	(7, 18, '16:30:00', '16:45:00', ''),
	(7, 19, '17:00:00', '17:15:00', 'E'),
	(7, 20, '17:30:00', '17:45:00', 'E'),
	(7, 21, '18:00:00', '18:15:00', 'E'),
	(7, 22, '18:30:00', '18:45:00', 'E'),
	(7, 23, '19:00:00', '19:15:00', 'E'),
	(7, 24, '19:30:00', '19:45:00', 'E'),
	(7, 25, '20:00:00', '20:15:00', 'E'),
	(7, 26, '20:30:00', '20:45:00', 'E'),
	(7, 27, '21:00:00', '21:15:00', 'E'),
	(7, 28, '21:30:00', '21:45:00', 'E'),
	(7, 29, '22:00:00', '22:15:00', 'E'),
	(7, 30, '22:30:00', '22:45:00', 'E'),
	(7, 31, '23:00:00', '23:15:00', 'E'),
	(7, 32, '23:30:00', '23:45:00', 'E'),
	(8, 32, '01:00:00', '01:15:00', 'M'),
	(8, 31, '01:30:00', '01:45:00', 'M'),
	(8, 30, '02:00:00', '02:15:00', 'M'),
	(8, 29, '02:30:00', '02:45:00', 'M'),
	(8, 28, '03:00:00', '03:15:00', 'M'),
	(8, 27, '03:30:00', '03:45:00', 'M'),
	(8, 26, '04:00:00', '04:15:00', 'M'),
	(8, 25, '04:30:00', '04:45:00', 'M'),
	(8, 24, '05:00:00', '05:15:00', 'M'),
	(8, 23, '05:30:00', '05:45:00', 'M'),
	(8, 22, '06:00:00', '06:15:00', 'M'),
	(8, 21, '06:30:00', '06:45:00', 'M'),
	(8, 20, '07:00:00', '07:15:00', 'M'),
	(8, 19, '07:30:00', '07:45:00', 'M'),
	(8, 18, '08:00:00', '08:15:00', 'M'),
	(8, 17, '08:30:00', '08:45:00', 'M'),
	(8, 16, '09:00:00', '09:15:00', 'M'),
	(8, 15, '09:30:00', '09:45:00', 'M'),
	(8, 14, '10:00:00', '10:15:00', 'M'),
	(8, 13, '10:30:00', '10:45:00', 'M'),
	(8, 12, '11:00:00', '11:15:00', 'M'),
	(8, 11, '11:30:00', '11:45:00', 'M'),
	(8, 10, '12:00:00', '12:15:00', ''),
	(8, 9, '12:30:00', '12:45:00', ''),
	(8, 8, '13:00:00', '13:15:00', ''),
	(8, 7, '13:30:00', '13:45:00', ''),
	(8, 6, '14:00:00', '14:15:00', ''),
	(8, 5, '14:30:00', '14:45:00', ''),
	(8, 4, '15:00:00', '15:15:00', ''),
	(8, 3, '15:30:00', '15:45:00', ''),
	(8, 2, '16:00:00', '16:15:00', ''),
	(8, 1, '16:30:00', '16:45:00', ''),
	(9, 32, '02:00:00', '02:15:00', 'M'),
	(9, 31, '02:30:00', '02:45:00', 'M'),
	(9, 30, '03:00:00', '03:15:00', 'M'),
	(9, 29, '03:30:00', '03:45:00', 'M'),
	(9, 28, '04:00:00', '04:15:00', 'M'),
	(9, 27, '04:30:00', '04:45:00', 'M'),
	(9, 26, '05:00:00', '05:15:00', 'M'),
	(9, 25, '05:30:00', '05:45:00', 'M'),
	(9, 24, '06:00:00', '06:15:00', 'M'),
	(9, 23, '06:30:00', '06:45:00', 'M'),
	(9, 22, '07:00:00', '07:15:00', 'M'),
	(9, 21, '07:30:00', '07:45:00', 'M'),
	(9, 20, '08:00:00', '08:15:00', 'M'),
	(9, 19, '08:30:00', '08:45:00', 'M'),
	(9, 18, '09:00:00', '09:15:00', 'M'),
	(9, 17, '09:30:00', '09:45:00', 'M'),
	(9, 16, '10:00:00', '10:15:00', 'M'),
	(9, 15, '10:30:00', '10:45:00', 'M'),
	(9, 14, '11:00:00', '11:15:00', 'M'),
	(9, 13, '11:30:00', '11:45:00', 'M'),
	(9, 12, '12:00:00', '12:15:00', ''),
	(9, 11, '12:30:00', '12:45:00', ''),
	(9, 10, '13:00:00', '13:15:00', ''),
	(9, 9, '13:30:00', '13:45:00', ''),
	(9, 8, '14:00:00', '14:15:00', ''),
	(9, 7, '14:30:00', '14:45:00', ''),
	(9, 6, '15:00:00', '15:15:00', ''),
	(9, 5, '15:30:00', '15:45:00', ''),
	(9, 4, '16:00:00', '16:15:00', ''),
	(9, 3, '16:30:00', '16:45:00', ''),
	(9, 2, '17:00:00', '17:15:00', ''),
	(9, 1, '17:30:00', '17:45:00', ''),
	(10, 32, '03:00:00', '03:15:00', 'M'),
	(10, 31, '03:30:00', '03:45:00', 'M'),
	(10, 30, '04:00:00', '04:15:00', 'M'),
	(10, 29, '04:30:00', '04:45:00', 'M'),
	(10, 28, '05:00:00', '05:15:00', 'M'),
	(10, 27, '05:30:00', '05:45:00', 'M'),
	(10, 26, '06:00:00', '06:15:00', 'M'),
	(10, 25, '06:30:00', '06:45:00', 'M'),
	(10, 24, '07:00:00', '07:15:00', 'M'),
	(10, 23, '07:30:00', '07:45:00', 'M'),
	(10, 22, '08:00:00', '08:15:00', 'M'),
	(10, 21, '08:30:00', '08:45:00', 'M'),
	(10, 20, '09:00:00', '09:15:00', 'M'),
	(10, 19, '09:30:00', '09:45:00', 'M'),
	(10, 18, '10:00:00', '10:15:00', 'M'),
	(10, 17, '10:30:00', '10:45:00', 'M'),
	(10, 16, '11:00:00', '11:15:00', 'M'),
	(10, 15, '11:30:00', '11:45:00', 'M'),
	(10, 14, '12:00:00', '12:15:00', ''),
	(10, 13, '12:30:00', '12:45:00', ''),
	(10, 12, '13:00:00', '13:15:00', ''),
	(10, 11, '13:30:00', '13:45:00', ''),
	(10, 10, '14:00:00', '14:15:00', ''),
	(10, 9, '14:30:00', '14:45:00', ''),
	(10, 8, '15:00:00', '15:15:00', ''),
	(10, 7, '15:30:00', '15:45:00', ''),
	(10, 6, '16:00:00', '16:15:00', ''),
	(10, 5, '16:30:00', '16:45:00', ''),
	(10, 4, '17:00:00', '17:15:00', ''),
	(10, 3, '17:30:00', '17:45:00', ''),
	(10, 2, '18:00:00', '18:15:00', ''),
	(10, 1, '18:30:00', '18:45:00', ''),
	(11, 32, '04:00:00', '04:15:00', ''),
	(11, 31, '04:30:00', '04:45:00', ''),
	(11, 30, '05:00:00', '05:15:00', ''),
	(11, 29, '05:30:00', '05:45:00', ''),
	(11, 28, '06:00:00', '06:15:00', ''),
	(11, 27, '06:30:00', '06:45:00', ''),
	(11, 26, '07:00:00', '07:15:00', ''),
	(11, 25, '07:30:00', '07:45:00', ''),
	(11, 24, '08:00:00', '08:15:00', ''),
	(11, 23, '08:30:00', '08:45:00', ''),
	(11, 22, '09:00:00', '09:15:00', ''),
	(11, 21, '09:30:00', '09:45:00', ''),
	(11, 20, '10:00:00', '10:15:00', ''),
	(11, 19, '10:30:00', '10:45:00', ''),
	(11, 18, '11:00:00', '11:15:00', ''),
	(11, 17, '11:30:00', '11:45:00', ''),
	(11, 16, '12:00:00', '12:15:00', 'A'),
	(11, 15, '12:30:00', '12:45:00', 'A'),
	(11, 14, '13:00:00', '13:15:00', 'A'),
	(11, 13, '13:30:00', '13:45:00', 'A'),
	(11, 12, '14:00:00', '14:15:00', 'A'),
	(11, 11, '14:30:00', '14:45:00', 'A'),
	(11, 10, '15:00:00', '15:15:00', 'A'),
	(11, 9, '15:30:00', '15:45:00', 'A'),
	(11, 8, '16:00:00', '16:15:00', 'A'),
	(11, 7, '16:30:00', '16:45:00', 'A'),
	(11, 6, '17:00:00', '17:15:00', ''),
	(11, 5, '17:30:00', '17:45:00', ''),
	(11, 4, '18:00:00', '18:15:00', ''),
	(11, 3, '18:30:00', '18:45:00', ''),
	(11, 2, '19:00:00', '19:15:00', ''),
	(11, 1, '19:30:00', '19:45:00', ''),
	(12, 32, '05:00:00', '05:15:00', ''),
	(12, 31, '05:30:00', '05:45:00', ''),
	(12, 30, '06:00:00', '06:15:00', ''),
	(12, 29, '06:30:00', '06:45:00', ''),
	(12, 28, '07:00:00', '07:15:00', ''),
	(12, 27, '07:30:00', '07:45:00', ''),
	(12, 26, '08:00:00', '08:15:00', ''),
	(12, 25, '08:30:00', '08:45:00', ''),
	(12, 24, '09:00:00', '09:15:00', ''),
	(12, 23, '09:30:00', '09:45:00', ''),
	(12, 22, '10:00:00', '10:15:00', ''),
	(12, 21, '10:30:00', '10:45:00', ''),
	(12, 20, '11:00:00', '11:15:00', ''),
	(12, 19, '11:30:00', '11:45:00', ''),
	(12, 18, '12:00:00', '12:15:00', 'A'),
	(12, 17, '12:30:00', '12:45:00', 'A'),
	(12, 16, '13:00:00', '13:15:00', 'A'),
	(12, 15, '13:30:00', '13:45:00', 'A'),
	(12, 14, '14:00:00', '14:15:00', 'A'),
	(12, 13, '14:30:00', '14:45:00', 'A'),
	(12, 12, '15:00:00', '15:15:00', 'A'),
	(12, 11, '15:30:00', '15:45:00', 'A'),
	(12, 10, '16:00:00', '16:15:00', 'A'),
	(12, 9, '16:30:00', '16:45:00', 'A'),
	(12, 8, '17:00:00', '17:15:00', ''),
	(12, 7, '17:30:00', '17:45:00', ''),
	(12, 6, '18:00:00', '18:15:00', ''),
	(12, 5, '18:30:00', '18:45:00', ''),
	(12, 4, '19:00:00', '19:15:00', ''),
	(12, 3, '19:30:00', '19:45:00', ''),
	(12, 2, '20:00:00', '20:15:00', ''),
	(12, 1, '20:30:00', '20:45:00', ''),
	(13, 32, '06:00:00', '06:15:00', ''),
	(13, 31, '06:30:00', '06:45:00', ''),
	(13, 30, '07:00:00', '07:15:00', ''),
	(13, 29, '07:30:00', '07:45:00', ''),
	(13, 28, '08:00:00', '08:15:00', ''),
	(13, 27, '08:30:00', '08:45:00', ''),
	(13, 26, '09:00:00', '09:15:00', ''),
	(13, 25, '09:30:00', '09:45:00', ''),
	(13, 24, '10:00:00', '10:15:00', ''),
	(13, 23, '10:30:00', '10:45:00', ''),
	(13, 22, '11:00:00', '11:15:00', ''),
	(13, 21, '11:30:00', '11:45:00', ''),
	(13, 20, '12:00:00', '12:15:00', 'A'),
	(13, 19, '12:30:00', '12:45:00', 'A'),
	(13, 18, '13:00:00', '13:15:00', 'A'),
	(13, 17, '13:30:00', '13:45:00', 'A'),
	(13, 16, '14:00:00', '14:15:00', 'A'),
	(13, 15, '14:30:00', '14:45:00', 'A'),
	(13, 14, '15:00:00', '15:15:00', 'A'),
	(13, 13, '15:30:00', '15:45:00', 'A'),
	(13, 12, '16:00:00', '16:15:00', 'A'),
	(13, 11, '16:30:00', '16:45:00', 'A'),
	(13, 10, '17:00:00', '17:15:00', ''),
	(13, 9, '17:30:00', '17:45:00', ''),
	(13, 8, '18:00:00', '18:15:00', ''),
	(13, 7, '18:30:00', '18:45:00', ''),
	(13, 6, '19:00:00', '19:15:00', ''),
	(13, 5, '19:30:00', '19:45:00', ''),
	(13, 4, '20:00:00', '20:15:00', ''),
	(13, 3, '20:30:00', '20:45:00', ''),
	(13, 2, '21:00:00', '21:15:00', ''),
	(13, 1, '21:30:00', '21:45:00', ''),
	(14, 32, '07:00:00', '07:15:00', ''),
	(14, 31, '07:30:00', '07:45:00', ''),
	(14, 30, '08:00:00', '08:15:00', ''),
	(14, 29, '08:30:00', '08:45:00', ''),
	(14, 28, '09:00:00', '09:15:00', ''),
	(14, 27, '09:30:00', '09:45:00', ''),
	(14, 26, '10:00:00', '10:15:00', ''),
	(14, 25, '10:30:00', '10:45:00', ''),
	(14, 24, '11:00:00', '11:15:00', ''),
	(14, 23, '11:30:00', '11:45:00', ''),
	(14, 22, '12:00:00', '12:15:00', ''),
	(14, 21, '12:30:00', '12:45:00', ''),
	(14, 20, '13:00:00', '13:15:00', ''),
	(14, 19, '13:30:00', '13:45:00', ''),
	(14, 18, '14:00:00', '14:15:00', ''),
	(14, 17, '14:30:00', '14:45:00', ''),
	(14, 16, '15:00:00', '15:15:00', ''),
	(14, 15, '15:30:00', '15:45:00', ''),
	(14, 14, '16:00:00', '16:15:00', ''),
	(14, 13, '16:30:00', '16:45:00', ''),
	(14, 12, '17:00:00', '17:15:00', 'E'),
	(14, 11, '17:30:00', '17:45:00', 'E'),
	(14, 10, '18:00:00', '18:15:00', 'E'),
	(14, 9, '18:30:00', '18:45:00', 'E'),
	(14, 8, '19:00:00', '19:15:00', 'E'),
	(14, 7, '19:30:00', '19:45:00', 'E'),
	(14, 6, '20:00:00', '20:15:00', 'E'),
	(14, 5, '20:30:00', '20:45:00', 'E'),
	(14, 4, '21:00:00', '21:15:00', 'E'),
	(14, 3, '21:30:00', '21:45:00', 'E'),
	(14, 2, '22:00:00', '22:15:00', 'E'),
	(14, 1, '22:30:00', '22:45:00', 'E');
/*!40000 ALTER TABLE `stop_at` ENABLE KEYS */;

-- Dumping structure for table reservation.temp_user_choice
CREATE TABLE IF NOT EXISTS `temp_user_choice` (
  `temp_id` int(11) NOT NULL AUTO_INCREMENT,
  `train_id` int(11) DEFAULT NULL,
  `station_id` int(11) DEFAULT NULL,
  `destination_id` int(11) DEFAULT NULL,
  `depart_date` date DEFAULT NULL,
  `return_date` date DEFAULT NULL,
  `roundtrip` tinyint(1) DEFAULT NULL,
  `time_in` time DEFAULT NULL,
  `time_out` time DEFAULT NULL,
  PRIMARY KEY (`temp_id`),
  UNIQUE KEY `temp_user_choice_temp_id_uindex` (`temp_id`)
) ENGINE=InnoDB AUTO_INCREMENT=33 DEFAULT CHARSET=utf8;

-- Dumping data for table reservation.temp_user_choice: ~32 rows (approximately)
DELETE FROM `temp_user_choice`;
/*!40000 ALTER TABLE `temp_user_choice` DISABLE KEYS */;
INSERT INTO `temp_user_choice` (`temp_id`, `train_id`, `station_id`, `destination_id`, `depart_date`, `return_date`, `roundtrip`, `time_in`, `time_out`) VALUES
	(1, 2, 1, NULL, NULL, NULL, NULL, '03:00:00', '03:15:00'),
	(2, 2, 1, NULL, NULL, NULL, NULL, '03:00:00', '03:15:00'),
	(3, 2, 1, NULL, NULL, NULL, NULL, '03:00:00', '03:15:00'),
	(4, 2, 5, NULL, NULL, NULL, NULL, '05:00:00', '05:15:00'),
	(5, 2, 5, NULL, NULL, NULL, NULL, '05:00:00', '05:15:00'),
	(6, 2, 5, NULL, NULL, NULL, NULL, '05:00:00', '05:15:00'),
	(7, 2, 1, NULL, NULL, NULL, NULL, '03:00:00', '03:15:00'),
	(8, 2, 1, NULL, NULL, NULL, NULL, '03:00:00', '03:15:00'),
	(9, 2, 1, 7, '2017-05-22', '2017-05-22', 0, '03:00:00', '03:15:00'),
	(10, 2, 1, 18, NULL, NULL, NULL, '03:00:00', '03:15:00'),
	(11, 2, 1, 18, NULL, NULL, NULL, '03:00:00', '03:15:00'),
	(12, 2, 1, 16, NULL, NULL, NULL, '03:00:00', '03:15:00'),
	(13, 2, 1, 15, NULL, NULL, NULL, '03:00:00', '03:15:00'),
	(14, 2, 1, 16, NULL, NULL, NULL, '03:00:00', '03:15:00'),
	(15, 2, 1, 16, NULL, NULL, NULL, '03:00:00', '03:15:00'),
	(16, 2, 1, 16, NULL, NULL, NULL, '03:00:00', '03:15:00'),
	(17, 2, 1, 14, NULL, NULL, NULL, '03:00:00', '03:15:00'),
	(18, 2, 1, 14, NULL, NULL, NULL, '03:00:00', '03:15:00'),
	(19, 2, 1, 16, NULL, '2017-05-30', NULL, '03:00:00', '03:15:00'),
	(20, 2, 1, 17, '2017-05-29', '2017-05-31', NULL, '03:00:00', '03:15:00'),
	(21, 2, 1, 17, '2017-05-29', NULL, NULL, '03:00:00', '03:15:00'),
	(22, 2, 1, 18, '2017-05-22', NULL, NULL, '03:00:00', '03:15:00'),
	(23, 2, 1, 20, '2017-05-28', NULL, NULL, '03:00:00', '03:15:00'),
	(24, 2, 1, 19, '2017-05-21', NULL, NULL, '03:00:00', '03:15:00'),
	(25, 2, 1, 19, '2017-05-21', NULL, NULL, '03:00:00', '03:15:00'),
	(26, 2, 1, 19, '2017-05-28', NULL, NULL, '03:00:00', '03:15:00'),
	(27, 2, 1, 17, '2017-05-29', NULL, NULL, '03:00:00', '03:15:00'),
	(28, 2, 1, 18, '2017-05-29', '2017-05-24', NULL, '03:00:00', '03:15:00'),
	(29, 2, 1, 17, '2017-05-29', '2017-05-30', NULL, '03:00:00', '03:15:00'),
	(30, 2, 1, 19, '2017-05-28', '2017-05-31', NULL, '03:00:00', '03:15:00'),
	(31, 2, 1, 18, '2017-05-23', '2017-05-31', NULL, '03:00:00', '03:15:00'),
	(32, 2, 1, 19, '2017-05-29', '2017-05-31', NULL, '03:00:00', '03:15:00');
/*!40000 ALTER TABLE `temp_user_choice` ENABLE KEYS */;

-- Dumping structure for table reservation.trains
CREATE TABLE IF NOT EXISTS `trains` (
  `train_id` int(11) NOT NULL,
  `train_start` int(11) NOT NULL,
  `train_ends` int(11) NOT NULL,
  `train_direction` tinyint(1) NOT NULL,
  `train_days` tinyint(1) NOT NULL,
  PRIMARY KEY (`train_id`),
  KEY `train_starts` (`train_start`),
  KEY `train_ends` (`train_ends`),
  CONSTRAINT `trains_ibfk_1` FOREIGN KEY (`train_start`) REFERENCES `stations` (`station_id`),
  CONSTRAINT `trains_ibfk_2` FOREIGN KEY (`train_ends`) REFERENCES `stations` (`station_id`) ON DELETE CASCADE ON UPDATE CASCADE
) ENGINE=InnoDB DEFAULT CHARSET=latin1;

-- Dumping data for table reservation.trains: ~16 rows (approximately)
DELETE FROM `trains`;
/*!40000 ALTER TABLE `trains` DISABLE KEYS */;
INSERT INTO `trains` (`train_id`, `train_start`, `train_ends`, `train_direction`, `train_days`) VALUES
	(0, 1, 32, 1, 0),
	(1, 1, 32, 1, 0),
	(2, 1, 32, 1, 0),
	(3, 1, 32, 1, 0),
	(4, 1, 32, 1, 0),
	(5, 1, 32, 1, 0),
	(6, 1, 32, 1, 0),
	(7, 1, 32, 1, 0),
	(8, 32, 1, 0, 0),
	(9, 32, 1, 0, 0),
	(10, 32, 1, 0, 0),
	(11, 32, 1, 0, 0),
	(12, 32, 1, 0, 0),
	(13, 32, 1, 0, 0),
	(14, 32, 1, 0, 0),
	(15, 32, 1, 0, 0);
/*!40000 ALTER TABLE `trains` ENABLE KEYS */;

-- Dumping structure for table reservation.train_delay
CREATE TABLE IF NOT EXISTS `train_delay` (
  `train_id` int(11) NOT NULL,
  `station_id` int(11) NOT NULL,
  `time_in` time NOT NULL,
  `time_out` time NOT NULL,
  `timeofday` char(1) NOT NULL
) ENGINE=InnoDB DEFAULT CHARSET=utf8 ROW_FORMAT=COMPACT;

-- Dumping data for table reservation.train_delay: ~480 rows (approximately)
DELETE FROM `train_delay`;
/*!40000 ALTER TABLE `train_delay` DISABLE KEYS */;
INSERT INTO `train_delay` (`train_id`, `station_id`, `time_in`, `time_out`, `timeofday`) VALUES
	(0, 1, '01:15:00', '01:30:00', 'M'),
	(0, 2, '01:45:00', '02:00:00', 'M'),
	(0, 3, '02:15:00', '02:30:00', 'M'),
	(0, 4, '02:45:00', '03:00:00', 'M'),
	(0, 5, '03:15:00', '03:30:00', 'M'),
	(0, 6, '03:45:00', '04:00:00', 'M'),
	(0, 7, '04:15:00', '04:30:00', 'M'),
	(0, 8, '04:45:00', '05:00:00', 'M'),
	(0, 9, '05:15:00', '05:30:00', 'M'),
	(0, 10, '05:45:00', '06:00:00', 'M'),
	(0, 11, '06:15:00', '06:30:00', 'M'),
	(0, 12, '06:45:00', '07:00:00', 'M'),
	(0, 13, '07:15:00', '07:30:00', 'M'),
	(0, 14, '07:45:00', '08:00:00', 'M'),
	(0, 15, '08:15:00', '08:30:00', 'M'),
	(0, 16, '08:45:00', '09:00:00', 'M'),
	(0, 17, '09:15:00', '09:30:00', 'M'),
	(0, 18, '09:45:00', '10:00:00', 'M'),
	(0, 19, '10:15:00', '10:30:00', 'M'),
	(0, 20, '10:45:00', '11:00:00', 'M'),
	(0, 21, '11:15:00', '11:30:00', 'M'),
	(0, 22, '11:45:00', '12:00:00', 'M'),
	(0, 23, '12:15:00', '12:30:00', ''),
	(0, 24, '12:45:00', '13:00:00', ''),
	(0, 25, '13:15:00', '13:30:00', ''),
	(0, 26, '13:45:00', '14:00:00', ''),
	(0, 27, '14:15:00', '14:30:00', ''),
	(0, 28, '14:45:00', '15:00:00', ''),
	(0, 29, '15:15:00', '15:30:00', ''),
	(0, 30, '15:45:00', '16:00:00', ''),
	(0, 31, '16:15:00', '16:30:00', ''),
	(0, 32, '16:45:00', '17:00:00', ''),
	(1, 1, '02:15:00', '02:30:00', 'M'),
	(1, 2, '02:45:00', '03:00:00', 'M'),
	(1, 3, '03:15:00', '03:30:00', 'M'),
	(1, 4, '03:45:00', '04:00:00', 'M'),
	(1, 5, '04:15:00', '04:30:00', 'M'),
	(1, 6, '04:45:00', '05:00:00', 'M'),
	(1, 7, '05:15:00', '05:30:00', 'M'),
	(1, 8, '05:45:00', '06:00:00', 'M'),
	(1, 9, '06:15:00', '06:30:00', 'M'),
	(1, 10, '06:45:00', '07:00:00', 'M'),
	(1, 11, '07:15:00', '07:30:00', 'M'),
	(1, 12, '07:45:00', '08:00:00', 'M'),
	(1, 13, '08:15:00', '08:30:00', 'M'),
	(1, 14, '08:45:00', '09:00:00', 'M'),
	(1, 15, '09:15:00', '09:30:00', 'M'),
	(1, 16, '09:45:00', '10:00:00', 'M'),
	(1, 17, '10:15:00', '10:30:00', 'M'),
	(1, 18, '10:45:00', '11:00:00', 'M'),
	(1, 19, '11:15:00', '11:30:00', 'M'),
	(1, 20, '11:45:00', '12:00:00', 'M'),
	(1, 21, '12:15:00', '12:30:00', ''),
	(1, 22, '12:45:00', '13:00:00', ''),
	(1, 23, '13:15:00', '13:30:00', ''),
	(1, 24, '13:45:00', '14:00:00', ''),
	(1, 25, '14:15:00', '14:30:00', ''),
	(1, 26, '14:45:00', '15:00:00', ''),
	(1, 27, '15:15:00', '15:30:00', ''),
	(1, 28, '15:45:00', '16:00:00', ''),
	(1, 29, '16:15:00', '16:30:00', ''),
	(1, 30, '16:45:00', '17:00:00', ''),
	(1, 31, '17:15:00', '17:30:00', ''),
	(1, 32, '17:45:00', '18:00:00', ''),
	(2, 1, '03:15:00', '03:30:00', 'M'),
	(2, 2, '03:45:00', '04:00:00', 'M'),
	(2, 3, '04:15:00', '04:30:00', 'M'),
	(2, 4, '04:45:00', '05:00:00', 'M'),
	(2, 5, '05:15:00', '05:30:00', 'M'),
	(2, 6, '05:45:00', '06:00:00', 'M'),
	(2, 7, '06:15:00', '06:30:00', 'M'),
	(2, 8, '06:45:00', '07:00:00', 'M'),
	(2, 9, '07:15:00', '07:30:00', 'M'),
	(2, 10, '07:45:00', '08:00:00', 'M'),
	(2, 11, '08:15:00', '08:30:00', 'M'),
	(2, 12, '08:45:00', '09:00:00', 'M'),
	(2, 13, '09:15:00', '09:30:00', 'M'),
	(2, 14, '09:45:00', '10:00:00', 'M'),
	(2, 15, '10:15:00', '10:30:00', 'M'),
	(2, 16, '10:45:00', '11:00:00', 'M'),
	(2, 17, '11:15:00', '11:30:00', 'M'),
	(2, 18, '11:45:00', '12:00:00', 'M'),
	(2, 19, '12:15:00', '12:30:00', ''),
	(2, 20, '12:45:00', '13:00:00', ''),
	(2, 21, '13:15:00', '13:30:00', ''),
	(2, 22, '13:45:00', '14:00:00', ''),
	(2, 23, '14:15:00', '14:30:00', ''),
	(2, 24, '14:45:00', '15:00:00', ''),
	(2, 25, '15:15:00', '15:30:00', ''),
	(2, 26, '15:45:00', '16:00:00', ''),
	(2, 27, '16:15:00', '16:30:00', ''),
	(2, 28, '16:45:00', '17:00:00', ''),
	(2, 29, '17:15:00', '17:30:00', ''),
	(2, 30, '17:45:00', '18:00:00', ''),
	(2, 31, '18:15:00', '18:30:00', ''),
	(2, 32, '18:45:00', '19:00:00', ''),
	(3, 1, '04:15:00', '04:30:00', ''),
	(3, 2, '04:45:00', '05:00:00', ''),
	(3, 3, '05:15:00', '05:30:00', ''),
	(3, 4, '05:45:00', '06:00:00', ''),
	(3, 5, '06:15:00', '06:30:00', ''),
	(3, 6, '06:45:00', '07:00:00', ''),
	(3, 7, '07:15:00', '07:30:00', ''),
	(3, 8, '07:45:00', '08:00:00', ''),
	(3, 9, '08:15:00', '08:30:00', ''),
	(3, 10, '08:45:00', '09:00:00', ''),
	(3, 11, '09:15:00', '09:30:00', ''),
	(3, 12, '09:45:00', '10:00:00', ''),
	(3, 13, '10:15:00', '10:30:00', ''),
	(3, 14, '10:45:00', '11:00:00', ''),
	(3, 15, '11:15:00', '11:30:00', ''),
	(3, 16, '11:45:00', '12:00:00', ''),
	(3, 17, '12:15:00', '12:30:00', 'A'),
	(3, 18, '12:45:00', '13:00:00', 'A'),
	(3, 19, '13:15:00', '13:30:00', 'A'),
	(3, 20, '13:45:00', '14:00:00', 'A'),
	(3, 21, '14:15:00', '14:30:00', 'A'),
	(3, 22, '14:45:00', '15:00:00', 'A'),
	(3, 23, '15:15:00', '15:30:00', 'A'),
	(3, 24, '15:45:00', '16:00:00', 'A'),
	(3, 25, '16:15:00', '16:30:00', 'A'),
	(3, 26, '16:45:00', '17:00:00', 'A'),
	(3, 27, '17:15:00', '17:30:00', ''),
	(3, 28, '17:45:00', '18:00:00', ''),
	(3, 29, '18:15:00', '18:30:00', ''),
	(3, 30, '18:45:00', '19:00:00', ''),
	(3, 31, '19:15:00', '19:30:00', ''),
	(3, 32, '19:45:00', '20:00:00', ''),
	(4, 1, '05:15:00', '05:30:00', ''),
	(4, 2, '05:45:00', '06:00:00', ''),
	(4, 3, '06:15:00', '06:30:00', ''),
	(4, 4, '06:45:00', '07:00:00', ''),
	(4, 5, '07:15:00', '07:30:00', ''),
	(4, 6, '07:45:00', '08:00:00', ''),
	(4, 7, '08:15:00', '08:30:00', ''),
	(4, 8, '08:45:00', '09:00:00', ''),
	(4, 9, '09:15:00', '09:30:00', ''),
	(4, 10, '09:45:00', '10:00:00', ''),
	(4, 11, '10:15:00', '10:30:00', ''),
	(4, 12, '10:45:00', '11:00:00', ''),
	(4, 13, '11:15:00', '11:30:00', ''),
	(4, 14, '11:45:00', '12:00:00', ''),
	(4, 15, '12:15:00', '12:30:00', 'A'),
	(4, 16, '12:45:00', '13:00:00', 'A'),
	(4, 17, '13:15:00', '13:30:00', 'A'),
	(4, 18, '13:45:00', '14:00:00', 'A'),
	(4, 19, '14:15:00', '14:30:00', 'A'),
	(4, 20, '14:45:00', '15:00:00', 'A'),
	(4, 21, '15:15:00', '15:30:00', 'A'),
	(4, 22, '15:45:00', '16:00:00', 'A'),
	(4, 23, '16:15:00', '16:30:00', 'A'),
	(4, 24, '16:45:00', '17:00:00', 'A'),
	(4, 25, '17:15:00', '17:30:00', ''),
	(4, 26, '17:45:00', '18:00:00', ''),
	(4, 27, '18:15:00', '18:30:00', ''),
	(4, 28, '18:45:00', '19:00:00', ''),
	(4, 29, '19:15:00', '19:30:00', ''),
	(4, 30, '19:45:00', '20:00:00', ''),
	(4, 31, '20:15:00', '20:30:00', ''),
	(4, 32, '20:45:00', '21:00:00', ''),
	(5, 1, '06:15:00', '06:30:00', ''),
	(5, 2, '06:45:00', '07:00:00', ''),
	(5, 3, '07:15:00', '07:30:00', ''),
	(5, 4, '07:45:00', '08:00:00', ''),
	(5, 5, '08:15:00', '08:30:00', ''),
	(5, 6, '08:45:00', '09:00:00', ''),
	(5, 7, '09:15:00', '09:30:00', ''),
	(5, 8, '09:45:00', '10:00:00', ''),
	(5, 9, '10:15:00', '10:30:00', ''),
	(5, 10, '10:45:00', '11:00:00', ''),
	(5, 11, '11:15:00', '11:30:00', ''),
	(5, 12, '11:45:00', '12:00:00', ''),
	(5, 13, '12:15:00', '12:30:00', 'A'),
	(5, 14, '12:45:00', '13:00:00', 'A'),
	(5, 15, '13:15:00', '13:30:00', 'A'),
	(5, 16, '13:45:00', '14:00:00', 'A'),
	(5, 17, '14:15:00', '14:30:00', 'A'),
	(5, 18, '14:45:00', '15:00:00', 'A'),
	(5, 19, '15:15:00', '15:30:00', 'A'),
	(5, 20, '15:45:00', '16:00:00', 'A'),
	(5, 21, '16:15:00', '16:30:00', 'A'),
	(5, 22, '16:45:00', '17:00:00', 'A'),
	(5, 23, '17:15:00', '17:30:00', ''),
	(5, 24, '17:45:00', '18:00:00', ''),
	(5, 25, '18:15:00', '18:30:00', ''),
	(5, 26, '18:45:00', '19:00:00', ''),
	(5, 27, '19:15:00', '19:30:00', ''),
	(5, 28, '19:45:00', '20:00:00', ''),
	(5, 29, '20:15:00', '20:30:00', ''),
	(5, 30, '20:45:00', '21:00:00', ''),
	(5, 31, '21:15:00', '21:30:00', ''),
	(5, 32, '21:45:00', '22:00:00', ''),
	(6, 1, '07:15:00', '07:30:00', ''),
	(6, 2, '07:45:00', '08:00:00', ''),
	(6, 3, '08:15:00', '08:30:00', ''),
	(6, 4, '08:45:00', '09:00:00', ''),
	(6, 5, '09:15:00', '09:30:00', ''),
	(6, 6, '09:45:00', '10:00:00', ''),
	(6, 7, '10:15:00', '10:30:00', ''),
	(6, 8, '10:45:00', '11:00:00', ''),
	(6, 9, '11:15:00', '11:30:00', ''),
	(6, 10, '11:45:00', '12:00:00', ''),
	(6, 11, '12:15:00', '12:30:00', ''),
	(6, 12, '12:45:00', '13:00:00', ''),
	(6, 13, '13:15:00', '13:30:00', ''),
	(6, 14, '13:45:00', '14:00:00', ''),
	(6, 15, '14:15:00', '14:30:00', ''),
	(6, 16, '14:45:00', '15:00:00', ''),
	(6, 17, '15:15:00', '15:30:00', ''),
	(6, 18, '15:45:00', '16:00:00', ''),
	(6, 19, '16:15:00', '16:30:00', ''),
	(6, 20, '16:45:00', '17:00:00', ''),
	(6, 21, '17:15:00', '17:30:00', 'E'),
	(6, 22, '17:45:00', '18:00:00', 'E'),
	(6, 23, '18:15:00', '18:30:00', 'E'),
	(6, 24, '18:45:00', '19:00:00', 'E'),
	(6, 25, '19:15:00', '19:30:00', 'E'),
	(6, 26, '19:45:00', '20:00:00', 'E'),
	(6, 27, '20:15:00', '20:30:00', 'E'),
	(6, 28, '20:45:00', '21:00:00', 'E'),
	(6, 29, '21:15:00', '21:30:00', 'E'),
	(6, 30, '21:45:00', '22:00:00', 'E'),
	(6, 31, '22:15:00', '22:30:00', 'E'),
	(6, 32, '22:45:00', '23:00:00', 'E'),
	(7, 1, '08:15:00', '08:30:00', ''),
	(7, 2, '08:45:00', '09:00:00', ''),
	(7, 3, '09:15:00', '09:30:00', ''),
	(7, 4, '09:45:00', '10:00:00', ''),
	(7, 5, '10:15:00', '10:30:00', ''),
	(7, 6, '10:45:00', '11:00:00', ''),
	(7, 7, '11:15:00', '11:30:00', ''),
	(7, 8, '11:45:00', '12:00:00', ''),
	(7, 9, '12:15:00', '12:30:00', ''),
	(7, 10, '12:45:00', '13:00:00', ''),
	(7, 11, '13:15:00', '13:30:00', ''),
	(7, 12, '13:45:00', '14:00:00', ''),
	(7, 13, '14:15:00', '14:30:00', ''),
	(7, 14, '14:45:00', '15:00:00', ''),
	(7, 15, '15:15:00', '15:30:00', ''),
	(7, 16, '15:45:00', '16:00:00', ''),
	(7, 17, '16:15:00', '16:30:00', ''),
	(7, 18, '16:45:00', '17:00:00', ''),
	(7, 19, '17:15:00', '17:30:00', 'E'),
	(7, 20, '17:45:00', '18:00:00', 'E'),
	(7, 21, '18:15:00', '18:30:00', 'E'),
	(7, 22, '18:45:00', '19:00:00', 'E'),
	(7, 23, '19:15:00', '19:30:00', 'E'),
	(7, 24, '19:45:00', '20:00:00', 'E'),
	(7, 25, '20:15:00', '20:30:00', 'E'),
	(7, 26, '20:45:00', '21:00:00', 'E'),
	(7, 27, '21:15:00', '21:30:00', 'E'),
	(7, 28, '21:45:00', '22:00:00', 'E'),
	(7, 29, '22:15:00', '22:30:00', 'E'),
	(7, 30, '22:45:00', '23:00:00', 'E'),
	(7, 31, '23:15:00', '23:30:00', 'E'),
	(7, 32, '23:45:00', '00:00:00', 'E'),
	(8, 32, '01:15:00', '01:30:00', 'M'),
	(8, 31, '01:45:00', '02:00:00', 'M'),
	(8, 30, '02:15:00', '02:30:00', 'M'),
	(8, 29, '02:45:00', '03:00:00', 'M'),
	(8, 28, '03:15:00', '03:30:00', 'M'),
	(8, 27, '03:45:00', '04:00:00', 'M'),
	(8, 26, '04:15:00', '04:30:00', 'M'),
	(8, 25, '04:45:00', '05:00:00', 'M'),
	(8, 24, '05:15:00', '05:30:00', 'M'),
	(8, 23, '05:45:00', '06:00:00', 'M'),
	(8, 22, '06:15:00', '06:30:00', 'M'),
	(8, 21, '06:45:00', '07:00:00', 'M'),
	(8, 20, '07:15:00', '07:30:00', 'M'),
	(8, 19, '07:45:00', '08:00:00', 'M'),
	(8, 18, '08:15:00', '08:30:00', 'M'),
	(8, 17, '08:45:00', '09:00:00', 'M'),
	(8, 16, '09:15:00', '09:30:00', 'M'),
	(8, 15, '09:45:00', '10:00:00', 'M'),
	(8, 14, '10:15:00', '10:30:00', 'M'),
	(8, 13, '10:45:00', '11:00:00', 'M'),
	(8, 12, '11:15:00', '11:30:00', 'M'),
	(8, 11, '11:45:00', '12:00:00', 'M'),
	(8, 10, '12:15:00', '12:30:00', ''),
	(8, 9, '12:45:00', '13:00:00', ''),
	(8, 8, '13:15:00', '13:30:00', ''),
	(8, 7, '13:45:00', '14:00:00', ''),
	(8, 6, '14:15:00', '14:30:00', ''),
	(8, 5, '14:45:00', '15:00:00', ''),
	(8, 4, '15:15:00', '15:30:00', ''),
	(8, 3, '15:45:00', '16:00:00', ''),
	(8, 2, '16:15:00', '16:30:00', ''),
	(8, 1, '16:45:00', '17:00:00', ''),
	(9, 32, '02:15:00', '02:30:00', 'M'),
	(9, 31, '02:45:00', '03:00:00', 'M'),
	(9, 30, '03:15:00', '03:30:00', 'M'),
	(9, 29, '03:45:00', '04:00:00', 'M'),
	(9, 28, '04:15:00', '04:30:00', 'M'),
	(9, 27, '04:45:00', '05:00:00', 'M'),
	(9, 26, '05:15:00', '05:30:00', 'M'),
	(9, 25, '05:45:00', '06:00:00', 'M'),
	(9, 24, '06:15:00', '06:30:00', 'M'),
	(9, 23, '06:45:00', '07:00:00', 'M'),
	(9, 22, '07:15:00', '07:30:00', 'M'),
	(9, 21, '07:45:00', '08:00:00', 'M'),
	(9, 20, '08:15:00', '08:30:00', 'M'),
	(9, 19, '08:45:00', '09:00:00', 'M'),
	(9, 18, '09:15:00', '09:30:00', 'M'),
	(9, 17, '09:45:00', '10:00:00', 'M'),
	(9, 16, '10:15:00', '10:30:00', 'M'),
	(9, 15, '10:45:00', '11:00:00', 'M'),
	(9, 14, '11:15:00', '11:30:00', 'M'),
	(9, 13, '11:45:00', '12:00:00', 'M'),
	(9, 12, '12:15:00', '12:30:00', ''),
	(9, 11, '12:45:00', '13:00:00', ''),
	(9, 10, '13:15:00', '13:30:00', ''),
	(9, 9, '13:45:00', '14:00:00', ''),
	(9, 8, '14:15:00', '14:30:00', ''),
	(9, 7, '14:45:00', '15:00:00', ''),
	(9, 6, '15:15:00', '15:30:00', ''),
	(9, 5, '15:45:00', '16:00:00', ''),
	(9, 4, '16:15:00', '16:30:00', ''),
	(9, 3, '16:45:00', '17:00:00', ''),
	(9, 2, '17:15:00', '17:30:00', ''),
	(9, 1, '17:45:00', '18:00:00', ''),
	(10, 32, '03:15:00', '03:30:00', 'M'),
	(10, 31, '03:45:00', '04:00:00', 'M'),
	(10, 30, '04:15:00', '04:30:00', 'M'),
	(10, 29, '04:45:00', '05:00:00', 'M'),
	(10, 28, '05:15:00', '05:30:00', 'M'),
	(10, 27, '05:45:00', '06:00:00', 'M'),
	(10, 26, '06:15:00', '06:30:00', 'M'),
	(10, 25, '06:45:00', '07:00:00', 'M'),
	(10, 24, '07:15:00', '07:30:00', 'M'),
	(10, 23, '07:45:00', '08:00:00', 'M'),
	(10, 22, '08:15:00', '08:30:00', 'M'),
	(10, 21, '08:45:00', '09:00:00', 'M'),
	(10, 20, '09:15:00', '09:30:00', 'M'),
	(10, 19, '09:45:00', '10:00:00', 'M'),
	(10, 18, '10:15:00', '10:30:00', 'M'),
	(10, 17, '10:45:00', '11:00:00', 'M'),
	(10, 16, '11:15:00', '11:30:00', 'M'),
	(10, 15, '11:45:00', '12:00:00', 'M'),
	(10, 14, '12:15:00', '12:30:00', ''),
	(10, 13, '12:45:00', '13:00:00', ''),
	(10, 12, '13:15:00', '13:30:00', ''),
	(10, 11, '13:45:00', '14:00:00', ''),
	(10, 10, '14:15:00', '14:30:00', ''),
	(10, 9, '14:45:00', '15:00:00', ''),
	(10, 8, '15:15:00', '15:30:00', ''),
	(10, 7, '15:45:00', '16:00:00', ''),
	(10, 6, '16:15:00', '16:30:00', ''),
	(10, 5, '16:45:00', '17:00:00', ''),
	(10, 4, '17:15:00', '17:30:00', ''),
	(10, 3, '17:45:00', '18:00:00', ''),
	(10, 2, '18:15:00', '18:30:00', ''),
	(10, 1, '18:45:00', '19:00:00', ''),
	(11, 32, '04:15:00', '04:30:00', ''),
	(11, 31, '04:45:00', '05:00:00', ''),
	(11, 30, '05:15:00', '05:30:00', ''),
	(11, 29, '05:45:00', '06:00:00', ''),
	(11, 28, '06:15:00', '06:30:00', ''),
	(11, 27, '06:45:00', '07:00:00', ''),
	(11, 26, '07:15:00', '07:30:00', ''),
	(11, 25, '07:45:00', '08:00:00', ''),
	(11, 24, '08:15:00', '08:30:00', ''),
	(11, 23, '08:45:00', '09:00:00', ''),
	(11, 22, '09:15:00', '09:30:00', ''),
	(11, 21, '09:45:00', '10:00:00', ''),
	(11, 20, '10:15:00', '10:30:00', ''),
	(11, 19, '10:45:00', '11:00:00', ''),
	(11, 18, '11:15:00', '11:30:00', ''),
	(11, 17, '11:45:00', '12:00:00', ''),
	(11, 16, '12:15:00', '12:30:00', 'A'),
	(11, 15, '12:45:00', '13:00:00', 'A'),
	(11, 14, '13:15:00', '13:30:00', 'A'),
	(11, 13, '13:45:00', '14:00:00', 'A'),
	(11, 12, '14:15:00', '14:30:00', 'A'),
	(11, 11, '14:45:00', '15:00:00', 'A'),
	(11, 10, '15:15:00', '15:30:00', 'A'),
	(11, 9, '15:45:00', '16:00:00', 'A'),
	(11, 8, '16:15:00', '16:30:00', 'A'),
	(11, 7, '16:45:00', '17:00:00', 'A'),
	(11, 6, '17:15:00', '17:30:00', ''),
	(11, 5, '17:45:00', '18:00:00', ''),
	(11, 4, '18:15:00', '18:30:00', ''),
	(11, 3, '18:45:00', '19:00:00', ''),
	(11, 2, '19:15:00', '19:30:00', ''),
	(11, 1, '19:45:00', '20:00:00', ''),
	(12, 32, '05:15:00', '05:30:00', ''),
	(12, 31, '05:45:00', '06:00:00', ''),
	(12, 30, '06:15:00', '06:30:00', ''),
	(12, 29, '06:45:00', '07:00:00', ''),
	(12, 28, '07:15:00', '07:30:00', ''),
	(12, 27, '07:45:00', '08:00:00', ''),
	(12, 26, '08:15:00', '08:30:00', ''),
	(12, 25, '08:45:00', '09:00:00', ''),
	(12, 24, '09:15:00', '09:30:00', ''),
	(12, 23, '09:45:00', '10:00:00', ''),
	(12, 22, '10:15:00', '10:30:00', ''),
	(12, 21, '10:45:00', '11:00:00', ''),
	(12, 20, '11:15:00', '11:30:00', ''),
	(12, 19, '11:45:00', '12:00:00', ''),
	(12, 18, '12:15:00', '12:30:00', 'A'),
	(12, 17, '12:45:00', '13:00:00', 'A'),
	(12, 16, '13:15:00', '13:30:00', 'A'),
	(12, 15, '13:45:00', '14:00:00', 'A'),
	(12, 14, '14:15:00', '14:30:00', 'A'),
	(12, 13, '14:45:00', '15:00:00', 'A'),
	(12, 12, '15:15:00', '15:30:00', 'A'),
	(12, 11, '15:45:00', '16:00:00', 'A'),
	(12, 10, '16:15:00', '16:30:00', 'A'),
	(12, 9, '16:45:00', '17:00:00', 'A'),
	(12, 8, '17:15:00', '17:30:00', ''),
	(12, 7, '17:45:00', '18:00:00', ''),
	(12, 6, '18:15:00', '18:30:00', ''),
	(12, 5, '18:45:00', '19:00:00', ''),
	(12, 4, '19:15:00', '19:30:00', ''),
	(12, 3, '19:45:00', '20:00:00', ''),
	(12, 2, '20:15:00', '20:30:00', ''),
	(12, 1, '20:45:00', '21:00:00', ''),
	(13, 32, '06:15:00', '06:30:00', ''),
	(13, 31, '06:45:00', '07:00:00', ''),
	(13, 30, '07:15:00', '07:30:00', ''),
	(13, 29, '07:45:00', '08:00:00', ''),
	(13, 28, '08:15:00', '08:30:00', ''),
	(13, 27, '08:45:00', '09:00:00', ''),
	(13, 26, '09:15:00', '09:30:00', ''),
	(13, 25, '09:45:00', '10:00:00', ''),
	(13, 24, '10:15:00', '10:30:00', ''),
	(13, 23, '10:45:00', '11:00:00', ''),
	(13, 22, '11:15:00', '11:30:00', ''),
	(13, 21, '11:45:00', '12:00:00', ''),
	(13, 20, '12:15:00', '12:30:00', 'A'),
	(13, 19, '12:45:00', '13:00:00', 'A'),
	(13, 18, '13:15:00', '13:30:00', 'A'),
	(13, 17, '13:45:00', '14:00:00', 'A'),
	(13, 16, '14:15:00', '14:30:00', 'A'),
	(13, 15, '14:45:00', '15:00:00', 'A'),
	(13, 14, '15:15:00', '15:30:00', 'A'),
	(13, 13, '15:45:00', '16:00:00', 'A'),
	(13, 12, '16:15:00', '16:30:00', 'A'),
	(13, 11, '16:45:00', '17:00:00', 'A'),
	(13, 10, '17:15:00', '17:30:00', ''),
	(13, 9, '17:45:00', '18:00:00', ''),
	(13, 8, '18:15:00', '18:30:00', ''),
	(13, 7, '18:45:00', '19:00:00', ''),
	(13, 6, '19:15:00', '19:30:00', ''),
	(13, 5, '19:45:00', '20:00:00', ''),
	(13, 4, '20:15:00', '20:30:00', ''),
	(13, 3, '20:45:00', '21:00:00', ''),
	(13, 2, '21:15:00', '21:30:00', ''),
	(13, 1, '21:45:00', '22:00:00', ''),
	(14, 32, '07:15:00', '07:30:00', ''),
	(14, 31, '07:45:00', '08:00:00', ''),
	(14, 30, '08:15:00', '08:30:00', ''),
	(14, 29, '08:45:00', '09:00:00', ''),
	(14, 28, '09:15:00', '09:30:00', ''),
	(14, 27, '09:45:00', '10:00:00', ''),
	(14, 26, '10:15:00', '10:30:00', ''),
	(14, 25, '10:45:00', '11:00:00', ''),
	(14, 24, '11:15:00', '11:30:00', ''),
	(14, 23, '11:45:00', '12:00:00', ''),
	(14, 22, '12:15:00', '12:30:00', ''),
	(14, 21, '12:45:00', '13:00:00', ''),
	(14, 20, '13:15:00', '13:30:00', ''),
	(14, 19, '13:45:00', '14:00:00', ''),
	(14, 18, '14:15:00', '14:30:00', ''),
	(14, 17, '14:45:00', '15:00:00', ''),
	(14, 16, '15:15:00', '15:30:00', ''),
	(14, 15, '15:45:00', '16:00:00', ''),
	(14, 14, '16:15:00', '16:30:00', ''),
	(14, 13, '16:45:00', '17:00:00', ''),
	(14, 12, '17:15:00', '17:30:00', 'E'),
	(14, 11, '17:45:00', '18:00:00', 'E'),
	(14, 10, '18:15:00', '18:30:00', 'E'),
	(14, 9, '18:45:00', '19:00:00', 'E'),
	(14, 8, '19:15:00', '19:30:00', 'E'),
	(14, 7, '19:45:00', '20:00:00', 'E'),
	(14, 6, '20:15:00', '20:30:00', 'E'),
	(14, 5, '20:45:00', '21:00:00', 'E'),
	(14, 4, '21:15:00', '21:30:00', 'E'),
	(14, 3, '21:45:00', '22:00:00', 'E'),
	(14, 2, '22:15:00', '22:30:00', 'E'),
	(14, 1, '22:45:00', '23:00:00', 'E');
/*!40000 ALTER TABLE `train_delay` ENABLE KEYS */;

-- Dumping structure for table reservation.transaction
CREATE TABLE IF NOT EXISTS `transaction` (
  `trans_id` int(11) NOT NULL AUTO_INCREMENT,
  `trip_id` int(11) NOT NULL,
  `pass_id` int(11) NOT NULL,
  PRIMARY KEY (`trans_id`),
  KEY `trip_id` (`trip_id`),
  KEY `pass_id` (`pass_id`),
  CONSTRAINT `transaction_ibfk_1` FOREIGN KEY (`trip_id`) REFERENCES `trips` (`trip_id`),
  CONSTRAINT `transaction_ibfk_2` FOREIGN KEY (`pass_id`) REFERENCES `passengers` (`pass_id`)
) ENGINE=InnoDB AUTO_INCREMENT=16 DEFAULT CHARSET=utf8;

-- Dumping data for table reservation.transaction: ~15 rows (approximately)
DELETE FROM `transaction`;
/*!40000 ALTER TABLE `transaction` DISABLE KEYS */;
INSERT INTO `transaction` (`trans_id`, `trip_id`, `pass_id`) VALUES
	(1, 2, 2),
	(2, 3, 2),
	(3, 4, 3),
	(4, 5, 4),
	(5, 6, 4),
	(6, 7, 6),
	(7, 8, 7),
	(8, 9, 1),
	(9, 12, 10),
	(10, 13, 12),
	(11, 14, 13),
	(12, 15, 14),
	(13, 16, 14),
	(14, 17, 15),
	(15, 1, 1);
/*!40000 ALTER TABLE `transaction` ENABLE KEYS */;

-- Dumping structure for table reservation.trips
CREATE TABLE IF NOT EXISTS `trips` (
  `trip_id` int(11) NOT NULL AUTO_INCREMENT,
  `train_id` int(11) NOT NULL,
  `pass_id` int(11) NOT NULL,
  `trip_start` int(11) NOT NULL,
  `trip_end` int(11) NOT NULL,
  `trip_date` date NOT NULL,
  `trip_return_date` date DEFAULT NULL,
  `payment_method` int(11) NOT NULL,
  `trip_fare` int(11) NOT NULL,
  `trip_seg_start` int(11) NOT NULL,
  `trip_seg_end` int(11) NOT NULL,
  `round_trip` tinyint(1) NOT NULL DEFAULT '0',
  `cancelled` tinyint(1) NOT NULL,
  PRIMARY KEY (`trip_id`),
  KEY `trip_start` (`trip_start`),
  KEY `trip_end` (`trip_end`),
  KEY `train_id` (`train_id`),
  KEY `pass_id` (`pass_id`),
  KEY `methode_payment` (`payment_method`),
  KEY `trip_seg_start` (`trip_seg_start`),
  KEY `trip_seg_end` (`trip_seg_end`),
  CONSTRAINT `trips_ibfk_1` FOREIGN KEY (`train_id`) REFERENCES `trains` (`train_id`),
  CONSTRAINT `trips_ibfk_2` FOREIGN KEY (`pass_id`) REFERENCES `passengers` (`pass_id`),
  CONSTRAINT `trips_ibfk_3` FOREIGN KEY (`trip_start`) REFERENCES `stations` (`station_id`),
  CONSTRAINT `trips_ibfk_4` FOREIGN KEY (`trip_end`) REFERENCES `stations` (`station_id`),
  CONSTRAINT `trips_ibfk_5` FOREIGN KEY (`payment_method`) REFERENCES `passengers` (`pass_id`),
  CONSTRAINT `trips_ibfk_6` FOREIGN KEY (`trip_seg_start`) REFERENCES `segments` (`seg_id`),
  CONSTRAINT `trips_ibfk_7` FOREIGN KEY (`trip_seg_end`) REFERENCES `segments` (`seg_id`)
) ENGINE=InnoDB AUTO_INCREMENT=135 DEFAULT CHARSET=latin1;

-- Dumping data for table reservation.trips: ~132 rows (approximately)
DELETE FROM `trips`;
/*!40000 ALTER TABLE `trips` DISABLE KEYS */;
INSERT INTO `trips` (`trip_id`, `train_id`, `pass_id`, `trip_start`, `trip_end`, `trip_date`, `trip_return_date`, `payment_method`, `trip_fare`, `trip_seg_start`, `trip_seg_end`, `round_trip`, `cancelled`) VALUES
	(1, 1, 15, 22, 23, '2017-04-26', NULL, 15, 17, 22, 22, 0, 1),
	(2, 1, 1, 1, 7, '2017-05-01', NULL, 1, 70, 1, 6, 0, 0),
	(3, 1, 2, 1, 2, '2017-05-01', '2017-06-05', 2, 20, 1, 1, 1, 0),
	(4, 1, 3, 1, 12, '2017-05-01', NULL, 3, 145, 1, 11, 0, 0),
	(5, 1, 4, 1, 4, '2017-05-01', NULL, 4, 30, 1, 3, 0, 1),
	(6, 1, 5, 1, 20, '2017-05-08', NULL, 1, 200, 1, 19, 0, 0),
	(7, 2, 6, 2, 12, '2017-05-02', '2017-06-13', 7, 135, 1, 11, 1, 0),
	(8, 2, 8, 15, 25, '2017-05-09', '2017-06-20', 8, 124, 8, 24, 1, 1),
	(9, 3, 9, 19, 25, '2017-05-03', '2017-05-24', 9, 178, 19, 24, 1, 0),
	(12, 5, 10, 26, 31, '2017-05-05', '2017-05-26', 10, 102, 26, 30, 1, 0),
	(13, 6, 11, 15, 17, '2017-04-29', '2017-05-13', 11, 33, 15, 16, 1, 0),
	(14, 4, 12, 31, 32, '2017-05-11', '2017-05-18', 12, 17, 31, 31, 1, 0),
	(15, 5, 13, 10, 21, '2017-05-17', NULL, 13, 158, 10, 20, 0, 1),
	(16, 7, 14, 25, 29, '2017-05-16', NULL, 14, 83, 14, 28, 0, 0),
	(17, 7, 15, 9, 30, '2017-05-14', '2017-06-04', 15, 347, 9, 29, 1, 0),
	(18, 2, 42, 1, 7, '2017-05-22', '2017-05-22', 42, 1, 2, 3, 0, 0),
	(19, 2, 53, 1, 18, '2017-05-22', NULL, 53, 1, 2, 3, 0, 0),
	(20, 2, 54, 1, 20, '2017-05-28', NULL, 54, 1, 2, 3, 0, 0),
	(21, 2, 55, 1, 20, '2017-05-28', NULL, 55, 1, 2, 3, 0, 0),
	(22, 2, 56, 1, 20, '2017-05-28', NULL, 56, 1, 2, 3, 0, 0),
	(23, 2, 57, 1, 20, '2017-05-28', NULL, 57, 1, 2, 3, 0, 0),
	(24, 2, 58, 1, 20, '2017-05-28', NULL, 58, 1, 2, 3, 0, 0),
	(25, 2, 59, 1, 20, '2017-05-28', NULL, 59, 1, 2, 3, 0, 0),
	(26, 2, 60, 1, 19, '2017-05-21', NULL, 60, 1, 2, 3, 0, 0),
	(27, 2, 61, 1, 19, '2017-05-21', NULL, 61, 1, 2, 3, 0, 0),
	(28, 2, 62, 1, 19, '2017-05-21', NULL, 62, 1, 2, 3, 0, 0),
	(29, 2, 63, 1, 19, '2017-05-21', NULL, 63, 1, 2, 3, 0, 0),
	(30, 2, 64, 1, 19, '2017-05-21', NULL, 64, 1, 2, 3, 0, 0),
	(31, 2, 65, 1, 19, '2017-05-21', NULL, 65, 1, 2, 3, 0, 0),
	(32, 2, 66, 1, 19, '2017-05-21', NULL, 66, 1, 2, 3, 0, 0),
	(33, 2, 67, 1, 19, '2017-05-21', NULL, 67, 1, 2, 3, 0, 0),
	(34, 2, 68, 1, 19, '2017-05-21', NULL, 68, 1, 2, 3, 0, 0),
	(35, 2, 69, 1, 19, '2017-05-21', NULL, 69, 1, 2, 3, 0, 0),
	(36, 2, 70, 1, 19, '2017-05-21', NULL, 70, 1, 2, 3, 0, 0),
	(37, 2, 71, 1, 19, '2017-05-21', NULL, 71, 1, 2, 3, 0, 0),
	(38, 2, 72, 1, 19, '2017-05-21', NULL, 72, 1, 2, 3, 0, 0),
	(39, 2, 73, 1, 19, '2017-05-21', NULL, 73, 1, 2, 3, 0, 0),
	(40, 2, 74, 1, 19, '2017-05-21', NULL, 74, 1, 2, 3, 0, 0),
	(41, 2, 75, 1, 19, '2017-05-21', NULL, 75, 1, 2, 3, 0, 0),
	(42, 2, 76, 1, 19, '2017-05-21', NULL, 76, 1, 2, 3, 0, 0),
	(43, 2, 77, 1, 19, '2017-05-21', NULL, 77, 1, 2, 3, 0, 0),
	(44, 2, 78, 1, 19, '2017-05-21', NULL, 78, 1, 2, 3, 0, 0),
	(45, 2, 79, 1, 19, '2017-05-21', NULL, 79, 1, 2, 3, 0, 0),
	(46, 2, 80, 1, 19, '2017-05-21', NULL, 80, 1, 2, 3, 0, 0),
	(47, 2, 81, 1, 19, '2017-05-21', NULL, 81, 1, 2, 3, 0, 0),
	(48, 2, 82, 1, 19, '2017-05-21', NULL, 82, 1, 2, 3, 0, 0),
	(49, 2, 83, 1, 19, '2017-05-21', NULL, 83, 1, 2, 3, 0, 0),
	(50, 2, 84, 1, 19, '2017-05-21', NULL, 84, 1, 2, 3, 0, 0),
	(51, 2, 85, 1, 19, '2017-05-21', NULL, 85, 1, 2, 3, 0, 0),
	(52, 2, 86, 1, 19, '2017-05-21', NULL, 86, 1, 2, 3, 0, 0),
	(53, 2, 87, 1, 19, '2017-05-28', NULL, 87, 1, 2, 3, 0, 0),
	(54, 2, 88, 1, 19, '2017-05-28', NULL, 88, 1, 2, 3, 0, 0),
	(55, 2, 89, 1, 19, '2017-05-28', NULL, 89, 1, 2, 3, 0, 0),
	(56, 2, 90, 1, 19, '2017-05-28', NULL, 90, 1, 2, 3, 0, 0),
	(57, 2, 91, 1, 19, '2017-05-28', NULL, 91, 1, 2, 3, 0, 0),
	(58, 2, 92, 1, 19, '2017-05-28', NULL, 92, 1, 2, 3, 0, 0),
	(59, 2, 93, 1, 19, '2017-05-28', NULL, 93, 1, 2, 3, 0, 0),
	(60, 2, 94, 1, 19, '2017-05-28', NULL, 94, 1, 2, 3, 0, 0),
	(61, 2, 95, 1, 19, '2017-05-28', NULL, 95, 1, 2, 3, 0, 0),
	(62, 2, 96, 1, 19, '2017-05-28', NULL, 96, 1, 2, 3, 0, 0),
	(63, 2, 97, 1, 19, '2017-05-28', NULL, 97, 1, 2, 3, 0, 0),
	(64, 2, 98, 1, 19, '2017-05-28', NULL, 98, 1, 2, 3, 0, 0),
	(65, 2, 99, 1, 19, '2017-05-28', NULL, 99, 1, 2, 3, 0, 0),
	(66, 2, 100, 1, 19, '2017-05-28', NULL, 100, 1, 2, 3, 0, 0),
	(67, 2, 101, 1, 19, '2017-05-28', NULL, 101, 1, 2, 3, 0, 0),
	(68, 2, 102, 1, 19, '2017-05-28', NULL, 102, 1, 2, 3, 0, 0),
	(69, 2, 103, 1, 19, '2017-05-28', NULL, 103, 1, 2, 3, 0, 0),
	(70, 2, 104, 1, 19, '2017-05-28', NULL, 104, 1, 2, 3, 0, 0),
	(71, 2, 105, 1, 19, '2017-05-28', NULL, 105, 1, 2, 3, 0, 0),
	(72, 2, 106, 1, 19, '2017-05-28', NULL, 106, 1, 2, 3, 0, 0),
	(73, 2, 107, 1, 19, '2017-05-28', NULL, 107, 1, 2, 3, 0, 0),
	(74, 2, 108, 1, 19, '2017-05-28', NULL, 108, 1, 2, 3, 0, 0),
	(75, 2, 109, 1, 19, '2017-05-28', NULL, 109, 1, 2, 3, 0, 0),
	(76, 2, 110, 1, 19, '2017-05-28', NULL, 110, 1, 2, 3, 0, 0),
	(77, 2, 111, 1, 19, '2017-05-28', NULL, 111, 1, 2, 3, 0, 0),
	(78, 2, 112, 1, 19, '2017-05-28', NULL, 112, 1, 2, 3, 0, 0),
	(79, 2, 113, 1, 19, '2017-05-28', NULL, 113, 1, 2, 3, 0, 0),
	(80, 2, 114, 1, 19, '2017-05-28', NULL, 114, 1, 2, 3, 0, 0),
	(81, 2, 115, 1, 19, '2017-05-28', NULL, 115, 1, 2, 3, 0, 0),
	(82, 2, 116, 1, 19, '2017-05-28', NULL, 116, 1, 2, 3, 0, 0),
	(83, 2, 117, 1, 19, '2017-05-28', NULL, 117, 1, 2, 3, 0, 0),
	(84, 2, 118, 1, 19, '2017-05-28', NULL, 118, 1, 2, 3, 0, 0),
	(85, 2, 119, 1, 19, '2017-05-28', NULL, 119, 1, 2, 3, 0, 0),
	(86, 2, 120, 1, 19, '2017-05-28', NULL, 120, 1, 2, 3, 0, 0),
	(87, 2, 121, 1, 19, '2017-05-28', NULL, 121, 1, 2, 3, 0, 0),
	(88, 2, 122, 1, 19, '2017-05-28', NULL, 122, 1, 2, 3, 0, 0),
	(89, 2, 123, 1, 17, '2017-05-29', NULL, 123, 1, 2, 3, 0, 0),
	(90, 2, 124, 1, 17, '2017-05-29', NULL, 124, 1, 2, 3, 0, 0),
	(91, 2, 125, 1, 18, '2017-05-29', '2017-05-24', 125, 1, 2, 3, 0, 0),
	(92, 2, 126, 1, 18, '2017-05-29', '2017-05-24', 126, 1, 2, 3, 0, 0),
	(93, 2, 127, 1, 18, '2017-05-29', '2017-05-24', 127, 1, 2, 3, 0, 0),
	(94, 2, 128, 1, 18, '2017-05-29', '2017-05-24', 128, 1, 2, 3, 0, 0),
	(95, 2, 129, 1, 18, '2017-05-29', '2017-05-24', 129, 1, 2, 3, 0, 0),
	(96, 2, 130, 1, 18, '2017-05-29', '2017-05-24', 130, 1, 2, 3, 0, 0),
	(97, 2, 131, 1, 18, '2017-05-29', '2017-05-24', 131, 1, 2, 3, 0, 0),
	(98, 2, 132, 1, 18, '2017-05-29', '2017-05-24', 132, 1, 2, 3, 0, 0),
	(99, 2, 133, 1, 18, '2017-05-29', '2017-05-24', 133, 1, 2, 3, 0, 0),
	(100, 2, 134, 1, 18, '2017-05-29', '2017-05-24', 134, 1, 2, 3, 0, 0),
	(101, 2, 135, 1, 18, '2017-05-29', '2017-05-24', 135, 1, 2, 3, 0, 0),
	(102, 2, 136, 1, 18, '2017-05-29', '2017-05-24', 136, 1, 2, 3, 0, 0),
	(103, 2, 137, 1, 18, '2017-05-29', '2017-05-24', 137, 1, 2, 3, 0, 0),
	(104, 2, 138, 1, 17, '2017-05-29', '2017-05-30', 138, 1, 2, 3, 1, 0),
	(105, 2, 139, 1, 17, '2017-05-29', '2017-05-30', 139, 1, 2, 3, 0, 0),
	(106, 2, 140, 1, 17, '2017-05-29', '2017-05-30', 140, 1, 2, 3, 0, 0),
	(107, 2, 141, 1, 17, '2017-05-29', '2017-05-30', 141, 1, 2, 3, 0, 0),
	(108, 2, 142, 1, 17, '2017-05-29', '2017-05-30', 142, 1, 2, 3, 0, 0),
	(109, 2, 143, 1, 17, '2017-05-29', '2017-05-30', 143, 1, 2, 3, 0, 0),
	(110, 2, 144, 1, 17, '2017-05-29', '2017-05-30', 144, 1, 2, 3, 0, 0),
	(111, 2, 145, 1, 17, '2017-05-29', '2017-05-30', 145, 1, 2, 3, 0, 0),
	(112, 2, 146, 1, 17, '2017-05-29', '2017-05-30', 146, 1, 2, 3, 0, 0),
	(113, 2, 147, 1, 17, '2017-05-29', '2017-05-30', 147, 1, 2, 3, 0, 0),
	(114, 2, 148, 1, 17, '2017-05-29', '2017-05-30', 148, 1, 2, 3, 0, 0),
	(115, 2, 149, 1, 19, '2017-05-28', '2017-05-31', 149, 1, 2, 3, 0, 0),
	(116, 2, 150, 1, 19, '2017-05-28', '2017-05-31', 150, 1, 2, 3, 1, 0),
	(117, 2, 151, 1, 19, '2017-05-28', '2017-05-31', 151, 1, 2, 3, 1, 0),
	(118, 2, 152, 1, 19, '2017-05-28', '2017-05-31', 152, 1, 2, 3, 1, 0),
	(119, 2, 153, 1, 19, '2017-05-28', '2017-05-31', 153, 1, 2, 3, 1, 0),
	(120, 2, 154, 1, 19, '2017-05-28', '2017-05-31', 154, 1, 2, 3, 1, 0),
	(121, 2, 155, 1, 19, '2017-05-28', '2017-05-31', 155, 1, 2, 3, 1, 0),
	(122, 2, 156, 1, 18, '2017-05-23', '2017-05-31', 156, 1, 2, 3, 1, 0),
	(123, 2, 157, 1, 18, '2017-05-23', '2017-05-31', 157, 1, 2, 3, 1, 0),
	(124, 2, 158, 1, 18, '2017-05-23', '2017-05-31', 158, 1, 2, 3, 1, 0),
	(125, 2, 159, 1, 18, '2017-05-23', '2017-05-31', 159, 1, 2, 3, 1, 0),
	(126, 2, 160, 1, 18, '2017-05-23', '2017-05-31', 160, 1, 2, 3, 1, 0),
	(127, 2, 161, 1, 18, '2017-05-23', '2017-05-31', 161, 1, 2, 3, 1, 0),
	(128, 2, 162, 1, 18, '2017-05-23', '2017-05-31', 162, 1, 2, 3, 1, 0),
	(129, 2, 163, 1, 18, '2017-05-23', '2017-05-31', 163, 1, 2, 3, 1, 0),
	(130, 2, 164, 1, 18, '2017-05-23', '2017-05-31', 164, 1, 2, 3, 1, 0),
	(131, 2, 165, 1, 19, '2017-05-29', '2017-05-31', 165, 1, 2, 3, 1, 0),
	(132, 2, 166, 1, 19, '2017-05-29', '2017-05-31', 166, 1, 2, 3, 1, 0),
	(133, 2, 167, 1, 19, '2017-05-29', '2017-05-31', 167, 1, 2, 3, 1, 0),
	(134, 2, 168, 1, 19, '2017-05-29', '2017-05-31', 168, 1, 2, 3, 1, 0);
/*!40000 ALTER TABLE `trips` ENABLE KEYS */;

-- Dumping structure for table reservation.users
CREATE TABLE IF NOT EXISTS `users` (
  `id` int(10) unsigned NOT NULL AUTO_INCREMENT,
  `name` varchar(255) COLLATE utf8mb4_unicode_ci NOT NULL,
  `email` varchar(255) COLLATE utf8mb4_unicode_ci NOT NULL,
  `password` varchar(255) COLLATE utf8mb4_unicode_ci NOT NULL,
  `remember_token` varchar(100) COLLATE utf8mb4_unicode_ci DEFAULT NULL,
  `created_at` timestamp NULL DEFAULT NULL,
  `updated_at` timestamp NULL DEFAULT NULL,
  `admin` tinyint(4) DEFAULT '0',
  PRIMARY KEY (`id`),
  UNIQUE KEY `users_email_unique` (`email`)
) ENGINE=InnoDB AUTO_INCREMENT=2 DEFAULT CHARSET=utf8mb4 COLLATE=utf8mb4_unicode_ci;

-- Dumping data for table reservation.users: ~0 rows (approximately)
DELETE FROM `users`;
/*!40000 ALTER TABLE `users` DISABLE KEYS */;
INSERT INTO `users` (`id`, `name`, `email`, `password`, `remember_token`, `created_at`, `updated_at`, `admin`) VALUES
	(1, 'carlos', 'carlos@gmail.com', '$2y$10$RZGCj3NwgxK/2MUmwqmMbeXpt8GdJfbZbaMS5868q63cm3JKFO2XC', NULL, '2017-05-08 02:31:22', '2017-05-08 02:31:22', 0);
/*!40000 ALTER TABLE `users` ENABLE KEYS */;

/*!40101 SET SQL_MODE=IFNULL(@OLD_SQL_MODE, '') */;
/*!40014 SET FOREIGN_KEY_CHECKS=IF(@OLD_FOREIGN_KEY_CHECKS IS NULL, 1, @OLD_FOREIGN_KEY_CHECKS) */;
/*!40101 SET CHARACTER_SET_CLIENT=@OLD_CHARACTER_SET_CLIENT */;
